VSID,PSID,LANRPSEUDO,LANRFG,GONRDAT,TSVGART,TSVGBSNRPSEUDO,TSVGBSNRKV,GONRBEWERT,BJAHR,DATENMODELL,NBSNRPSEUDO,NBSNRKV,FALLIDAMB,AMBLEISTZEIT,BNR,TSVGDAT,TSVGARZT,LANRPRUEF,GONR,ZWEITMEIN,MULTIPLIKATOR
Wzkc9FOkU04NsYxooTW,SaJ8D2ug1GPAfAHAglv,833840699842543086,27,20230610,4,302420543301145075,5,120.5,2023,3,922068077133962203,2,62562460263,1951,67897487,<NA>,1600,<NA>,O,nan,2.55
rpID03klDzbJTHzpvqS,KEWFCpdIKwdM6jPTAd6,820797032993077516,14,20200410,4,988740415155953995,<NA>,259.9,2021,3,259434031629430735,5,03512595169,1151,67901595,<NA>,1600,<NA>,O,nan,2.39
PdFB1C7HrllUd6eTFTQ,OBo14qQwiJyrk3Yrvwp,040038125524738345,14,20190829,4,nan,3,107.9,2021,3,258657551006589704,5,12560816035,102,71292374,20200814,1801,<NA>,01920A,nan,1.16
QjU2Zc2ocpllgEsI0wQ,SFKmZOlnmMVSQ0XUZYW,811801154952310108,32,20240708,3,nan,13,127.2,2022,3,744891741653858991,10,00609212755,1932,09759776,<NA>,1801,<NA>,01920B,nan,2.03
DrbW0ECf4n0luCkghFf,cxVdsLPrh19DyYJ6Kd6,593921545270970219,14,20191217,4,nan,3,46.1,2022,3,927968100638672992,13,20438938813,102,55269166,<NA>,1801,<NA>,01821A,nan,1.8
NMuHvStMmUjOK1eOXwX,YJcuxFRNydcTZ0UWSZd,924672689446636613,58,20230317,4,607042729102263537,<NA>,208.4,2019,3,935571918501427613,5,80203832081,1529,96792689,<NA>,1301,<NA>,32881A,nan,3.41
fbBTLtwZ5ViEUEaGO8L,yceV3WqWvFBoHMValmH,044520899648129962,14,20250208,4,134348747907846854,<NA>,127.8,2020,3,659199022533060504,11,00868435887,519,15033103,20230402,1600,<NA>,32820A,nan,3.39
QCqvVtS2RIBxAkl9DOM,fMEDRHUXFNgmYuTgFRF,518454295924691601,27,20250515,3,nan,<NA>,740.4,2020,3,193805920280695809,2,04901547030,1040,13927426,<NA>,1600,<NA>,O,nan,1.2
gehB5xM7MueUpgMpZDq,8HEKTOANn0naDDFhkoH,566337156001191864,75,20230413,3,nan,2,150.8,2023,3,872961360773293700,2,23483020691,1919,06814436,<NA>,1600,<NA>,01921B,nan,1.15
6pnrGTtjptx2qq6yeDd,x2lN2het6kJ3ogX9CaH,665116706449026344,15,20210907,4,109210888058020444,<NA>,889.0,2022,3,821861011523044857,5,13199270709,2313,88830220,<NA>,1600,<NA>,O,nan,2.79
nhAUsw2VNUGzbuZ2Ix1,N58nXACgMgArwQQMxGU,191310032140571437,59,20220509,3,nan,11,893.5,2022,3,774351576848823013,5,09080546591,1337,78056400,20230402,1301,<NA>,32811,nan,2.11
8eyK8jTwUzF1HrapJWH,JSZcHsuwiuzqZb7xaTh,312804975192316629,14,20250813,3,569392856888582715,13,38.0,2022,3,103657356574540689,14,18623801551,410,46843439,<NA>,1301,<NA>,O,nan,1.07
yHp3VSeUzWt0pFearSn,lgpgIADb0MSHIezQt2N,721890960761885719,42,20250119,4,308948378475697901,11,92.3,2023,3,419834090885396733,4,23520103682,224,99186672,<NA>,1401,<NA>,32820,02,2.14
9MZ3RhUKBvD8DzRpt5Z,EfGvFEMEvfLFh2rzgQe,654113745051500203,42,20230207,5,239145622332685381,<NA>,124.5,2022,3,722523353707809107,2,32095630635,1439,51095556,<NA>,1600,<NA>,32811,nan,3.39
1kS8wt4MkdxBon5iOtz,hDZDHbsqlJLAZrkjWId,003347733529440112,21,20210517,4,nan,<NA>,143.2,2022,3,490256899469981583,17,81125042643,1511,68297534,<NA>,1314,<NA>,O,nan,1.27
mFb6Wldog5TvxSGiMzf,buZorFJFpvG9tsXTn4a,681636811136158562,0,20220419,5,017206282899113756,<NA>,2830.2,2023,3,051874564346500689,14,19354948415,1712,73238902,<NA>,1801,<NA>,O,nan,1.95
2SlbxdfPrzgIQhSDdt2,3mLcDwSqoux74NqbYNA,693079349939218694,14,20230222,5,909118841972019018,<NA>,153.2,2023,3,205793855498275500,11,98568270157,321,28682754,<NA>,1314,<NA>,32881,nan,3.04
wCwFToQ7wdqNnD3BemI,pwzfrmqqdZda1TAsMtf,350537865916069187,14,20200321,3,478244536929120700,11,135.0,2019,3,867193622260245331,5,30066883881,2022,10764944,<NA>,1600,<NA>,32881E,nan,2.99
P673cSFi0rER6kZ4fjD,uVHmtx84uNVBUkZpdgS,221677365774429231,15,20251003,4,nan,<NA>,176.1,2019,3,145633230690061694,2,96584806652,122,67782845,<NA>,1600,<NA>,O,nan,1.36
BqXPBCK18OSo0Lk0mLA,gtU2jVCWO7uGqhtOowc,558916450748251384,27,20240418,5,921147576246242345,17,64.1,2021,3,379878603279533840,11,32054493969,255,47554755,<NA>,1600,<NA>,01920A,nan,2.57
UW2tQ77r7AojOrSDazi,FIgRwBKzSIJlzWCSlYV,666025441755404467,27,20200803,5,427713518356058120,2,160.0,2021,3,012331770717613848,13,92391179459,2132,59913995,<NA>,1301,<NA>,O,nan,2.67
ocNsYwcXkAczMwHqbA8,cYK0VmeYwAvdZo6Vvsq,388778410816307149,14,20200526,4,331839300231964222,<NA>,440.3,2023,3,979252519228551029,17,74381861628,1607,06313669,<NA>,801,<NA>,32811E,nan,2.66
YCSgOCwQL8sy7vkq8Bs,phKFEPeFJaVWkcdr49t,439525860377296197,25,20210722,3,617028406861782256,<NA>,658.4,2023,3,007550534252542656,11,59180928727,1823,29492771,<NA>,1351,<NA>,O,nan,1.6
fqkJMkT1dQZJvsIgUJa,N4GqKSg8X7neEdvHEix,775993267318263875,14,20201012,4,341614158879868944,17,833.1,2021,3,649461099537597884,2,56268242421,337,53499615,<NA>,1801,<NA>,32881A,nan,3.23
xQ9HAEPLbDXMx2YFjHK,TOmCJxldbEBzEjLn1UD,183221470595367086,14,20250108,3,739214288921943637,<NA>,158.5,2023,3,864758676331368622,11,56168353925,1650,36327616,<NA>,1801,<NA>,O,nan,1.05
PMTArVIbsE3ZtogfgFm,MmAsnKWjHQ5ugFtWEI4,079703429105714504,51,20220120,2,857315676717572052,11,658.4,2022,3,696104932577893824,3,96052105854,1351,25200689,20210305,1301,<NA>,01921,nan,1.45
FMZ9mgQeypcZoQMYAzm,ormC92EHL1C6MSWBTiv,651981272765670341,42,20250302,5,nan,<NA>,102.2,2022,3,656644544038634336,4,26067867423,131,27903789,<NA>,1600,<NA>,O,nan,2.97
HBXMeriAp3TSgScIM3k,OAffNcjPdUovjhoT2oX,619921088290178968,14,20200803,1,nan,11,893.5,2023,3,010893559646816840,7,85946091485,420,89574809,<NA>,1401,<NA>,01920B,nan,1.28
Mc98D68syqJHsvV0JBe,8Pizdjwyt1rF94lr33p,940946421943497776,0,20240213,2,897361379357070745,<NA>,606.2,2021,3,893748398677418867,13,90250310271,1058,42895276,<NA>,1600,<NA>,01920E,nan,2.17
ayIKSR8qDyNvCqvaEWc,CNedMnxFNDp9erBr3ws,640978502610119690,27,20250515,3,682898581797237360,8,140.4,2019,3,133467052486662925,14,99448623908,2009,97231729,<NA>,901,<NA>,32881E,nan,2.32
3uOJPWx4glNq4uk3fhz,9D5tu02N8z8yNHf9lc0,576447202849686213,14,20201211,4,557743454506828590,2,176.1,2022,3,462827727498791821,11,32785454232,1205,37339799,<NA>,1801,<NA>,01821E,nan,3.49
nE5RFUKjAvf4cPWFFKF,vJCoqDTLsjgOCpYAnvj,088332286933935934,42,20190706,3,nan,15,92.3,2019,3,306765706162039880,17,50128287716,427,79701697,20210802,1301,<NA>,01921E,nan,2.11
DlytQ7IT4e2RGFcQpWd,BSerEjTjkZwT6tZADCl,699310747885861758,14,20190807,4,281801294134879326,<NA>,148.6,2023,3,597081467998826933,11,52697775946,1414,26218457,<NA>,1311,<NA>,O,nan,1.05
WqwmetkRSsMwLJIVfNR,xvSom4sdbitYNCfRoCq,224567716998669359,27,20230518,5,476209567412298118,2,714.8,2020,3,755589012366320193,2,38944805517,219,59336378,<NA>,1301,<NA>,32811A,nan,1.34
hO6OhxKwaGDg41pW923,9dsyfhNfXoZy2AA1MFH,268429962139986255,14,20220607,4,582505952442788968,<NA>,116.5,2022,3,891913803285772237,10,40776920492,519,25222808,<NA>,1301,<NA>,01821B,nan,2.4
Q3giqLcRr4sDZNlXhO2,2Ejk3khTRA4T4UeBXcg,053291891674331187,15,20201012,3,814671157770958579,5,334.4,2019,3,126255777832013711,5,57285779415,1302,60129181,<NA>,9307,<NA>,32811,nan,2.73
3chcS0V6EdxJfst0IHO,qOxQiTKLHaOww5lAMNj,096463659855765928,40,20190324,4,405867104611031545,11,244.4,2023,3,067362983747630006,11,61286502323,1351,20943313,<NA>,1301,<NA>,01821A,nan,1.45
GG8SV8Zw2bxBpIBrqGe,RLWVK2NauXUEOhCBIDF,051205700717189640,42,20250512,4,nan,<NA>,94.6,2023,3,438801346920013341,9,18004481084,312,72652722,<NA>,1600,<NA>,O,nan,2.48
ZB2Sz5zMBlKyJwPmblR,yOlQQJXp31b7SZ2pXsL,262487907780267805,23,20251003,2,651826277889321384,8,100.4,2023,3,932547762401554198,14,60712882674,458,97807631,<NA>,1401,<NA>,01821B,nan,1.95
DrbW0ECf4n0luCkghFf,cxVdsLPrh19DyYJ6Kd6,925312604570781681,27,20240207,4,nan,5,66.3,2022,3,057103628149167731,12,97946306702,1607,55269166,<NA>,1600,<NA>,01921B,nan,1.7
5hZbuQeHNGtCoVz37RI,M4smxZNkyvFmlvMBEB5,191632717695384918,31,20250208,5,670660246001510761,9,120.8,2021,3,377384504703370220,11,77368989542,1758,03676889,20220117,1301,<NA>,32820B,nan,2.91
apOBmBF2P3A9jlFucdP,VmA0GmWwZoA4GM5gslI,281168858308310595,15,20191027,1,445772487013366858,5,456.1,2023,3,808602476728200251,17,65221823420,2058,57843697,<NA>,1801,<NA>,O,nan,1.07
hdjjDii3xFu1fREhtwL,mwniYZYBpVaGQyvnGTe,992487265321218581,57,20250920,4,847263615942110721,<NA>,658.4,2023,3,278518032287570744,16,50025868078,1337,26689648,<NA>,1401,<NA>,O,nan,1.54
VRz9OKhqZkknRoSFJTM,qNeyjd08N4Qqs5wf5fW,362134788638656980,79,20230303,4,370586179244496558,<NA>,198.9,2023,3,961392994794767266,14,96114722212,1337,20326883,<NA>,1301,<NA>,O,nan,3.07
zNoWPg1nB37G1ZjHiHj,NLHakRQc3I4GTMrOp5y,935615492994678490,13,20230518,4,004812812550971061,<NA>,35.1,2023,3,258291379225855382,5,85161508895,644,12605505,<NA>,1600,<NA>,01920,nan,2.73
wumyDBEv6MLso7qSSpq,bMOLvWOLqCvSnx34zGu,820504349012510240,27,20250910,5,241639444810086317,10,658.4,2022,3,607568724846848094,11,32752213834,744,22806775,<NA>,1301,<NA>,O,nan,2.0
XjXyDbhaOfDmwnq9rbl,NWzfRpZDNT0KqAm620S,104316285400956807,14,20240207,5,nan,<NA>,144.6,2022,3,201501273646830390,16,42375300753,2202,74101580,<NA>,1301,<NA>,01821B,nan,2.28
jQ1z6eR3EDbatPrh9Y5,9nabIz4sEFdw3a3QFyL,950182459141081725,15,20240806,3,nan,17,120.8,2023,3,088776262434346039,12,53403399840,838,67676611,<NA>,1401,<NA>,O,nan,2.55
JMzBFFMug7GTBS5oQ5j,ZBjGvOrIL5L3UBfrXmz,575745698041551391,42,20200410,4,171106547958933223,<NA>,70.5,2023,3,576674670181661844,5,64013701596,1205,19354503,20221101,1401,<NA>,O,nan,2.55
ZSvhNHrXrOvyf1AWxEk,qRPClQ3BHnkjqu3qMTy,141512986817234522,14,20211115,4,604498543923579180,<NA>,133.8,2022,3,548722057319903203,8,98341144786,305,84178143,<NA>,1600,<NA>,O,nan,1.9
WB17MeoiesY4W9XsC3U,bHyUWGfVMdnLoFOX8L4,643806621006760307,0,20200216,1,645190939715772794,<NA>,87.2,2022,3,025326821760111289,6,84890235230,224,67835514,<NA>,701,<NA>,O,nan,2.18
arbhzupCWRWHUxioeHd,DtWBlzOiolvffr0PQ4v,763111973497606573,14,20200605,3,789750230375099608,<NA>,4941.9,2023,3,781433017804685828,17,80233688618,2117,68594233,<NA>,1301,<NA>,32881E,nan,1.03
qwvrumJc7cuAdFKes7I,IVwgpGoASJOYIWzINSj,061786147342941833,15,20220222,2,053734526640562862,4,100.4,2022,3,958208755376499764,14,32333648802,2329,14113802,<NA>,1600,<NA>,32811E,nan,2.2
lC8K5SUBsfQwrf9wGzJ,waybjlr4Rw3zVtFnrcO,419837228502213965,14,20250408,1,646423744663514646,2,133.4,2022,3,930977000406835453,13,11864878909,305,12261453,<NA>,1301,<NA>,O,nan,2.53
7xp8aNxBIchc9Z1wtk6,AnlUNBoqtZnYnuZSDHc,747467396151029574,59,20230511,3,nan,11,3851.0,2022,3,877830051958324040,6,36421391650,1327,31961459,<NA>,1401,<NA>,O,nan,1.53
14DEppGRmiaSpqP63h2,o3xX4lnaFhZpHdxGEph,289289625082737617,14,20200425,3,956831669108435092,<NA>,120.8,2023,3,455719548654104124,17,22805380764,519,94161298,<NA>,1600,<NA>,01921A,nan,1.27
D5rwUa3fl8OvvLPZpQ5,tEzlKSOjk3O2MUYgflH,389638636380252726,14,20200923,2,536042790494108434,<NA>,271.8,2021,3,226175546422327320,11,23275340795,1616,21424528,20241217,1600,<NA>,32881,nan,2.12
sa7ULyE1FCOqEGBkWXF,dKT3DbDkyMKaYJJoBEn,680615848492522857,0,20240724,2,499729196392257918,2,137.6,2022,3,194955565660169308,15,24113229317,308,78276863,<NA>,801,<NA>,32811B,nan,2.6
FAZgH4UXCEcA5LuTzur,DIoCwT8lcHPsVfzuxxp,524240133009152073,14,20210708,5,571411843220231089,<NA>,73.4,2019,3,163145439670408264,12,91273309209,1238,71002340,<NA>,1311,<NA>,O,nan,2.06
7Zqux2MbvM2rIe80JQ2,4kVDzTxUqtuJAR1uUI8,869858661029104223,97,20250512,2,344620581963642554,<NA>,58.5,2022,3,801938315550195400,9,72589047778,731,03611576,20221101,1401,<NA>,32811E,02,2.74
iJyfLJvHOMt1At89y9s,rk7YgGDSm0N7628kWla,578851414696309819,70,20210218,3,932502699583209057,6,210.6,2022,3,624472803354457682,14,29214266398,148,04120172,<NA>,1401,<NA>,01821A,nan,2.8
ZPxiBXrP61hJ9vMafjW,F5meF9fQm9PH4MsZwte,005348493028770060,15,20191124,3,nan,11,100.5,2022,3,303490152433865712,2,45590923627,2003,03238640,<NA>,1301,<NA>,01920A,nan,1.14
13BI56bUP3GT9sHkFGw,x0Bs3IHFvzRO8mhdKHT,129927512905462736,14,20201029,1,nan,12,762.3,2022,3,024630013455282658,13,64575068981,655,79321429,<NA>,1600,<NA>,01921A,nan,1.6
PcbHnHyLCyGtJOLi4UD,TDjVX5QRAm03dLBQq4X,833204255523124528,14,20221108,5,502685523797608180,13,691.6,2022,3,897469547648284986,12,82321365549,2246,89502789,20210305,1401,<NA>,32881E,06,2.35
Mdhkr0OGispt5DxSG5Q,tMRAxz2WaLGZUTjKxXr,774263482460796357,0,20220624,3,627728054596504903,<NA>,133.2,2022,3,034728040163081762,11,72717658765,1555,41391563,<NA>,1401,<NA>,32820B,nan,3.08
HSMDNNjX5jPJDl3qo3o,nP6SH6DLYX9NNjKybok,375523815774546572,88,20240603,4,838022319339848752,<NA>,61.2,2022,3,905640151902277623,12,97200433022,721,58888998,<NA>,1801,<NA>,01920E,nan,2.47
YlTs4cFTbR578HA2fJo,KOX5KXKB2A1vGBxh7lt,145225108518214041,59,20210126,4,nan,<NA>,124.5,2022,3,525820622420507822,16,16602758510,1603,32607291,<NA>,1600,<NA>,01920A,nan,3.44
VpSRd1ijxHulSGOymbM,5cJxUIVMZXK5J88rNl6,787729614426670661,14,20250223,4,423390323346102446,<NA>,233.1,2022,3,861498723701259251,2,91293326102,333,13949582,<NA>,1600,<NA>,O,nan,1.16
3chcS0V6EdxJfst0IHO,qOxQiTKLHaOww5lAMNj,596359856927545567,15,20231219,4,530376167399238578,11,985.1,2023,3,871329888809979310,11,61286502323,1607,20943313,<NA>,1301,<NA>,O,nan,3.25
HSMDNNjX5jPJDl3qo3o,nP6SH6DLYX9NNjKybok,837171342675581206,14,20220614,3,076363074691984328,<NA>,86.2,2022,3,007309142895188323,13,97200433022,1500,58888998,<NA>,1313,<NA>,32811B,nan,1.34
Xt5yOo5PemZXbpTXO5G,ZwSZpY3Ex3IXA3c3xVk,008989586206625257,0,20230320,4,nan,7,236.3,2023,3,667463718507217191,12,74236289556,1350,57052057,<NA>,1314,<NA>,32881A,nan,2.92
fbBTLtwZ5ViEUEaGO8L,yceV3WqWvFBoHMValmH,445142074314108198,14,20200122,3,242700788199603085,<NA>,2659.5,2020,3,799824973323082201,11,00868435887,1011,15033103,<NA>,1801,<NA>,01921A,nan,3.23
2fc18styIzS8Oi5E8hX,CK2zHAOzEYSpD8c0KWp,283437505910728347,15,20220112,3,042617416164353550,5,182.5,2019,3,713799595711094293,11,66742789347,833,88804296,<NA>,1401,<NA>,32811B,nan,1.02
dfa3J2H9IIFDnxo2rPH,8dVqvMwMI88aHII8qKB,586672257944048329,46,20220419,3,481060378701991935,<NA>,236.3,2023,3,053487001739289114,2,37897500990,838,35956084,<NA>,1301,<NA>,01920,nan,2.01
EEH6Y6nZngH58gfmtQ6,fFDECv2ry8low5vfiD3,988394278786953029,27,20220614,4,481499026150172427,5,116.5,2023,3,357535872531303202,17,74227314739,711,63887946,<NA>,1401,<NA>,01821,nan,2.46
ocYcZRf4qqQamHpTxYG,X8QCRDeRUeO5hrTBgJX,711767208523831973,15,20190613,4,nan,11,498.3,2021,3,236526132338438368,17,57911962607,655,18191292,20250516,1401,<NA>,32881A,nan,2.55
HtavLTAWKqjXBdYpdbF,5xlM56ZPXXNDjuwf6ns,064884141404644782,42,20241027,4,123606699364545714,<NA>,178.1,2022,3,569496680360936191,6,11860139532,1521,77300122,<NA>,1301,<NA>,01921E,nan,2.77
48u4N069P7uOg9mfVqf,JwNNQkRmLjAP7H1B2nt,346466245145968070,27,20210607,2,758871432438175342,5,69.8,2023,3,027757374496178210,9,08762683490,559,95722521,<NA>,1401,<NA>,O,nan,2.25
e0meV11jpAw9JJWFDvo,hfjEopaQ4PpGy0MbCdN,025290739261019818,26,20251207,4,148136764523535713,<NA>,673.0,2023,3,003821409917393616,2,39317174209,754,24025200,<NA>,1301,<NA>,O,nan,3.46
YebZoKVmp3POTFUcBJr,rpGtwF7PGx0Pq4Gvd6q,690664863374752535,15,20230518,5,305297747560653626,<NA>,179.8,2023,3,019733408432724094,3,05844951152,559,16555943,<NA>,1801,<NA>,32811,nan,3.26
I2vLC9I7uTzQ9UeCYO7,e5RP9bCF9iDtLMika03,620981462778614589,15,20250722,1,nan,6,4314.6,2020,3,028003078175997438,1,21697163639,245,49971563,<NA>,1801,<NA>,32881E,nan,3.22
KpmBTLdCasYTq7ZfZvs,nyc0SjSo7e91iKaVZ5G,723819000558681967,71,20190427,4,nan,<NA>,70.5,2023,3,166211826642681631,14,87942821142,414,54884727,<NA>,1600,<NA>,32811E,nan,2.18
Lw6f0mbFscxCdgiK9pk,MFMSTK8qZdXfSfYz67x,291181731721881772,14,20211215,5,nan,9,126.6,2020,3,059608355960743533,17,05906077665,1630,17296245,20240729,1301,<NA>,O,nan,1.68
0jv8IqoyNWu5y3gatfd,nR5DuFcT3cfkDaIJ98m,676863414121630421,0,20190328,4,797659673769622312,<NA>,48.6,2021,3,651295798137215915,2,84980889257,1825,84111941,<NA>,1301,<NA>,01920,nan,1.58
3uOJPWx4glNq4uk3fhz,9D5tu02N8z8yNHf9lc0,717684835569060670,42,20230523,4,nan,<NA>,5289.3,2022,3,999344012835726258,2,65211555859,2117,37339799,20200707,2001,<NA>,01921A,nan,2.01
BFatrhuzCcqQkuO2Zjx,eXesNxqyE2MQNAXyAtn,547757636562352458,14,20240711,4,nan,13,58.5,2022,3,743850225951111798,5,94481520087,944,07967144,<NA>,1301,<NA>,32811A,nan,2.28
Wzkc9FOkU04NsYxooTW,SaJ8D2ug1GPAfAHAglv,976209902859574884,14,20230222,3,nan,7,271.8,2023,3,679875638525129205,11,62562460263,356,67897487,20190928,1401,<NA>,O,nan,2.3
Cs42TUFUdkERJfcDL8O,WocF8p2olp0SHdL7f9e,590989201893300093,14,20220825,4,670782030605423717,2,126.6,2023,3,075346188879637856,5,21420779130,2337,87075859,<NA>,1301,<NA>,32811A,nan,1.21
96E4eF6LhtsMmMKSvTS,05m9zkcoqCGfx0uii9f,580618775114065754,15,20240603,4,nan,8,61.2,2020,3,239255924683391352,8,93050386705,1952,77794750,<NA>,1401,<NA>,32881E,nan,3.33
miIpQoJvldLPKehn7Cm,U8aeg0MYkOeET1t7Mor,273432123335294819,27,20230131,5,nan,11,68.3,2022,3,867557950875528884,7,87277297705,1815,85283336,20201018,1600,<NA>,01920A,nan,1.04
wOhVtB6wBSt6R1JXlL5,XY73r3C3zkbKoWeKM4M,158006376152569792,27,20251225,3,nan,15,271.8,2023,3,903217076275252294,5,79234493294,626,35778667,<NA>,1301,<NA>,01920B,nan,2.99
BNh19TlY2m6B1atQpMN,RI2nkkzWmxu2pcGYMc1,965707227018597819,15,20191124,3,310877333493277208,<NA>,244.4,2021,3,365444503739021573,11,26350278195,744,35116037,<NA>,1401,<NA>,32811B,nan,1.54
uQ16XckJ7v1WJqcnz3G,Sppv214Q0U0QOT1aVzr,266810693579251093,14,20230523,2,nan,14,228.2,2021,3,918407943240410129,5,98952516682,1238,35089713,<NA>,1600,<NA>,O,04,3.22
5hDNp6KRtRNiVQXWoT3,fqrAz3VX8bZ7OUi4whY,652179606719496561,18,20250223,4,nan,<NA>,202.5,2023,3,967602985050399100,13,22375325213,2144,14006927,<NA>,1801,<NA>,01920,nan,2.77
QDL0vX6C2ZnrUTqRwL6,a1k4WeS8WK71hJSH82z,996856650329848669,42,20250625,4,nan,<NA>,190.7,2021,3,879494215988695775,2,11712789944,2347,74545349,<NA>,9307,<NA>,O,nan,2.65
QOuXuZus32c888qVXEG,VFZ9OvZAJAhgnhTu6Bk,511009191114318051,15,20240821,4,nan,7,385.7,2020,3,330606921982352166,5,12566218277,1919,17986827,<NA>,1401,<NA>,O,nan,3.41
5gi1Mu22LXEs1eUvmhO,KV5JmblLlAdPW41MQP0,546007388263698929,42,20191217,2,nan,9,124.5,2023,3,928960185157157158,6,90113220749,1607,36250563,<NA>,9307,<NA>,O,nan,1.39
IVuqn9oxRnOBRv1yeOM,Vnd6Ft6qrwHk0nIdGZq,610284444859411440,76,20211012,3,580831889409458740,<NA>,179.8,2021,3,774526207015275656,6,41150760234,958,64675888,20200804,1401,<NA>,32881A,nan,2.81
EXenQxrwOLcrdRc036M,eYNLgUlwtidbkgQJwGV,208986202639498535,15,20191014,4,475309967045018451,5,224.9,2023,3,398245135260543978,1,30952059755,2231,02506719,<NA>,1401,<NA>,O,nan,3.22
8HDLjpUSsCKEEqrprqK,93PFHnDYf6q5S5LJtoh,628549742661557137,15,20250703,2,762871345095373065,<NA>,190.7,2023,3,525631871253357088,15,84376769540,1256,46809603,<NA>,1301,<NA>,O,nan,1.46
SQliNFd0fvyKZYnOr8z,GBrXK2hFKZQwImsNz1G,264704777154928030,15,20201108,4,666450167051808762,<NA>,797.7,2023,3,263986819024161007,12,85175416566,312,33444828,<NA>,1801,<NA>,O,nan,1.29
SiXimsNXr3TFCNTQ7Ig,2tdIGfMAsaLdwxg5Ayc,824457190314008225,81,20240320,3,584216701418470795,2,135.0,2022,3,769194509935523841,11,87503152571,711,03783072,<NA>,1401,<NA>,O,nan,2.49
dS2XkLyFoNIXIq05FrB,v0aHombHdC9fETlCBv8,084225977207211466,14,20201015,4,nan,<NA>,5289.3,2023,3,277117898741608339,17,64171445827,1555,46568849,<NA>,1401,<NA>,O,nan,1.65
sa7ULyE1FCOqEGBkWXF,dKT3DbDkyMKaYJJoBEn,416606053942959527,27,20220210,5,nan,14,53.4,2022,3,087536458592303255,3,88286143725,1622,78276863,<NA>,1801,<NA>,32881A,nan,2.76
4lAVO0nqLFjDMHCXjzt,hMPrKhVvuKP6YX0vF09,519737306849052587,15,20190613,4,nan,<NA>,448.3,2023,3,221531138671763908,2,89207684187,35,29698163,<NA>,1301,<NA>,01920B,nan,3.14
44k2ZX78C7jIcSb7VoJ,3J3KSQYLujfys1lnhJ4,439645216089951950,42,20190925,1,nan,12,230.7,2023,3,352977452973411241,16,56661168324,2105,75270689,<NA>,1801,<NA>,O,nan,2.88
e0meV11jpAw9JJWFDvo,hfjEopaQ4PpGy0MbCdN,789211746032438439,14,20241016,2,168798215653447442,<NA>,182.5,2023,3,857851283965609555,14,38349753128,744,24025200,20210802,9306,<NA>,32811A,nan,2.21
NsP4p25bkuQT0acz9zc,3tPY7Qu2Qx5QwAytCLR,433793053037565329,14,20240724,4,nan,<NA>,248.4,2020,3,378907211279502821,11,33611748900,1004,82696247,<NA>,300,<NA>,01921,03,1.16
13meYVuRsvopIGqPc0G,3hZXFdSpm6qYgHSnKJx,177728823980416796,42,20190316,4,nan,3,913.3,2023,3,850945987058688862,6,07165336994,1153,74402477,20231123,1600,<NA>,32820,nan,1.9
M7IFuVZHwbpywH7kNpm,ulptr57TSpZFTE6XHLa,292245437817518779,14,20221128,4,016374219220620760,15,127.2,2022,3,251762181335224291,3,63591324181,332,24651139,<NA>,2101,<NA>,O,nan,1.36
kc0w8dxveDNEm20kyki,zZclGaViTwwfh8lp8K6,013782866144615260,84,20220509,3,019502501988379399,5,205.9,2020,3,155983920360342283,5,14423458221,350,37227199,<NA>,1401,<NA>,01821B,nan,2.75
XqlssNxUJrUwNEbQHCJ,RYTkfOLLHaFolIE2PYp,334022961569653314,41,20191009,3,nan,11,184.1,2022,3,571883271232429390,5,11633581567,1452,31299270,<NA>,1801,<NA>,01920,nan,1.8
AQ09gaIBgpRGfNWF490,nKfyWIg88Cs11jzPOKW,257912769942290081,56,20200719,3,nan,2,87.2,2021,3,597307568319536708,4,74074613689,1032,39519448,20201018,1317,<NA>,01821E,nan,2.46
OcFEalguf7wbkGP0U9w,lWdAn0uMgBby51LtXYa,323893112924717378,14,20221115,4,455541750979040738,2,59.1,2019,3,693783726019432084,5,61367294708,26,89218174,<NA>,1301,<NA>,32820B,nan,1.58
6o9AVLJ6cptsZxI6fbc,GoIJlsJDb7iSYMt4RKB,587713715390424969,64,20240708,1,960910982211149099,<NA>,421.1,2023,3,393358380114042956,11,19588336046,427,70751353,<NA>,1301,<NA>,01921E,nan,3.11
UKBnyfOhhFfQL5vWwRM,P42CL4fIBlboUxNMiII,168153468213031804,15,20200207,4,nan,3,118.6,2019,3,147654389048728939,13,99726169084,1100,43067303,<NA>,1301,<NA>,O,nan,1.53
HSMDNNjX5jPJDl3qo3o,nP6SH6DLYX9NNjKybok,937719331721407111,27,20201229,1,nan,1,103.3,2022,3,744974104529728180,1,97200433022,1916,58888998,20221101,1301,<NA>,32811A,nan,1.05
H5duHQlz6ego5AzH3TO,3v4hDBNZilVU8T2qrIa,171602249967563611,42,20230207,3,334419184524748694,<NA>,151.3,2021,3,123652013913082923,5,45248953616,1754,43577869,<NA>,1600,<NA>,O,nan,2.49
reRb1hS2vrzIqtQHaY9,lEHv1URajpMpL98Gljh,491284292378621936,27,20200526,3,629022549699078296,<NA>,205.9,2023,3,650488569389846739,16,19022287618,2117,94093115,<NA>,1315,<NA>,O,nan,1.07
UCZOd9eGusPemUc3rsE,8s4my7ZwWLGEOY9IuS3,797851352454858474,14,20240915,4,437599617625633893,5,248.4,2023,3,578985004161196198,10,94833238536,1406,13820728,<NA>,1401,<NA>,O,nan,1.8
Nb5jgb9CruRRUcuVn6u,FARN4jCaLpShk2RG4hM,927566283961956175,76,20200923,5,415991400802579495,17,25.6,2021,3,155131855572210484,12,84743593934,1153,46120255,<NA>,1314,<NA>,32811,nan,2.62
mBwDLb9cKuxnahj2FC0,FRyM3NZJyXAaKDIpYlO,008572642442133019,75,20250108,4,nan,11,25.6,2022,3,554924959881151317,9,25245866814,1004,22108822,<NA>,1301,<NA>,32881A,nan,1.78
2sXUCd0V5opxIPpNX6u,esIoFwISemTMriGCdlc,024777362836429203,15,20210427,1,672839904159712163,7,167.4,2021,3,936689564289342376,15,16964253611,721,91328320,<NA>,300,<NA>,01821E,nan,1.02
k9LWHLDrQkGVSDygO5M,eZpeRYwfVYB77wzpXJP,489628383284922602,15,20190115,3,nan,<NA>,614.4,2022,3,182493287281764421,2,71247552358,2347,46221717,20200512,1801,<NA>,01921B,nan,1.84
4BWnAGO1AmNcfpce3V3,NVwb8PXelbfYvIfxmIZ,354097350555486227,14,20220210,1,409593484579146377,<NA>,129.8,2023,3,435943610217717906,2,85643780700,1328,87871698,<NA>,1600,<NA>,32881B,nan,2.32
1Jt2m52d094IRwhaB4u,lBNlzmxVxyoH30xmKBd,066496147479957900,15,20221223,4,622954649332444265,12,1761.1,2023,3,369047322722315417,6,48781443471,1406,76509237,<NA>,1318,<NA>,32811B,nan,2.28
OZpkfmxxAXVphgF48gN,MJINXzH8P2wB5kmKxWB,568549711651598174,14,20200329,4,222962638161531124,<NA>,249.3,2023,3,600493550654291628,1,50347987643,705,01900034,20241013,1600,<NA>,01920A,nan,1.21
rGb4dfWL8pskqQftyPk,9k3XzN1F1gFdN5U39GA,007599448972157338,52,20231012,5,nan,<NA>,77.5,2021,3,801178183252779487,13,68245675937,1026,71284546,20220713,1600,<NA>,O,nan,1.79
eZPSb2TpbFjbDSEJn0v,Zbp92CqfopVHAbrrJN7,984260205738532915,15,20191027,3,nan,<NA>,139.0,2023,3,975601511308681623,2,07846598639,1245,73771338,<NA>,1600,<NA>,01821,nan,2.31
8HhelnEWjrok4S4OPdH,4JVQ0AdzDEQHqjR4Kp0,853681254939256601,15,20231017,3,nan,<NA>,244.4,2023,3,836541111276053113,11,33195429139,912,12875706,<NA>,1301,<NA>,32820E,nan,2.04
zRAxPZEO1mhWBdNJCvM,urwHK3uDBbbUWuAV66K,431935218676199470,15,20220314,5,144094483940247554,3,48.8,2021,3,789245039706829971,1,58261816295,117,14808413,<NA>,1301,<NA>,32881A,nan,2.59
BLZUFrz2lGLJD3Qvm0X,9BqgQmGkyfeTF377WEo,454135899839727102,58,20230815,4,nan,<NA>,341.4,2023,3,747419645686379227,3,69493579569,337,09510918,<NA>,1801,<NA>,O,nan,1.58
dcbWbEw8vywaCA3HMfc,JsG5fuZHBvlKDnv0sx8,687751494645697794,46,20250223,4,840740460805143800,<NA>,139.9,2022,3,243736529533656862,14,26599483837,949,47748838,<NA>,1401,<NA>,01821,nan,2.86
83YidSJQkitqGdr841N,iKaDQjUePMSPiFWU72d,710132026913921101,15,20230830,4,nan,<NA>,948.9,2019,3,052230350873305777,1,38326737390,52,57400687,<NA>,1401,<NA>,32820,nan,1.96
zmLF70TfLF0utVC0qDo,tWwLYjhMdu6ExnRkUjA,784874832405229356,15,20220515,3,nan,6,236.3,2022,3,651472218755946581,14,07638311005,1932,36290315,<NA>,1301,<NA>,O,nan,3.37
13meYVuRsvopIGqPc0G,3hZXFdSpm6qYgHSnKJx,897806873614736379,0,20251119,1,nan,4,168.8,2023,3,957349012452628073,2,07165336994,838,74402477,<NA>,1401,<NA>,32881A,nan,1.04
kpfQC4hqTbIpKxmxdsu,UCSZa5iHqECfTxs5Cup,404417567411776021,11,20240511,3,691156924207278895,5,997.0,2023,3,378935230130964006,14,42453520697,805,60989699,<NA>,1401,<NA>,32820A,nan,3.2
OkCuOYlxUQtxLvKQ4us,ky8nGPOS0qMOK7n7BTy,699159063168930966,27,20210722,4,941756642416503772,<NA>,200.1,2023,3,786423932425110452,15,70057881310,314,50594151,<NA>,1401,<NA>,32820E,nan,1.85
BjhscJL8OAFwNaEtGhz,GDXZx8ShiuIKMmoL49Z,930656107526193214,68,20251115,5,nan,<NA>,182.5,2023,3,592443250744996650,15,46500127217,1308,54402371,<NA>,1315,<NA>,32811A,nan,1.43
rDguPKx7EYhjVPKr2iA,esWB8UzGAmVtcmiRFYb,192293648161474592,15,20210130,2,559712247784808644,<NA>,271.8,2023,3,610624623775532299,11,67774262386,321,77532034,<NA>,1401,<NA>,32881A,nan,1.97
OjHpq9D7x50rQukLHwe,An2YeJs7GCcd7ZP44oM,939049886989642564,27,20191014,4,470089661902725084,14,25.8,2023,3,992440153176136640,1,24560251839,4,93707707,20210430,1801,<NA>,01921,nan,1.65
tZBdAM6YN2gnkPs78za,LrKoem1NdnYoQxkZtOO,482178471498370610,27,20220422,3,999174782579148721,<NA>,118.6,2022,3,208646461032983813,6,36712041053,1722,13713756,<NA>,1301,<NA>,O,nan,3.32
AhjSHj9JuWHldsI0Kf5,ir27Q6sYx9FziASAQQi,969140326375795531,60,20191118,4,501898070267448572,<NA>,180.2,2023,3,581851476850373503,17,59217370637,1425,28469585,<NA>,1401,<NA>,01921B,nan,1.46
z1mPBcfBguNHvQ8hFRB,WcXvO0pGaHIJyP6n7Gi,262998348364589370,15,20240524,5,698792014832593555,11,235.1,2020,3,984375351876207534,12,53263109746,1901,55038512,<NA>,1801,<NA>,32811E,nan,1.49
dG4v1pOOwy4SxrDO4kx,HvzTVsKf3QkohKbHrIb,801478397240790733,50,20221128,4,688932528016747527,13,622.8,2022,3,279843408929390014,11,05455062180,849,14827016,<NA>,1801,<NA>,O,03,3.28
ajnuLqeVUGNTRUujxv0,lqKtNE93UTON9l6CZ0T,315912780369471232,14,20191124,2,nan,<NA>,81.8,2021,3,954660651163800409,3,57523823914,912,20810407,<NA>,1401,<NA>,O,03,2.31
QCqvVtS2RIBxAkl9DOM,fMEDRHUXFNgmYuTgFRF,371431305214918197,15,20210307,4,nan,<NA>,814.1,2020,3,341364497230660727,13,04901547030,1901,13927426,<NA>,1401,<NA>,32811,nan,1.49
s78CuVt4STTA2A9wuq0,KuMEhZF9VwZ3xIbGwXu,830696419601849921,41,20230317,2,nan,<NA>,204.1,2022,3,375715811567871315,11,06392698962,912,09416641,<NA>,1600,<NA>,32881A,nan,3.11
Nq2wqRTSaaylRQ47ahk,EFiRratCA75xhgriXqm,077952056465583173,15,20240806,5,nan,<NA>,96.2,2022,3,898884707926633356,11,99292575635,300,27381221,20220521,1301,<NA>,01821E,nan,3.0
RaUZxTyylE2EJgDRy4b,cVozVDDBjRgSa1DoWHU,417311482903789631,42,20221223,5,nan,11,85.6,2019,3,251384952703448534,17,17163179191,1511,27746509,<NA>,1801,<NA>,01821B,nan,1.74
OjHpq9D7x50rQukLHwe,An2YeJs7GCcd7ZP44oM,431247707455828988,86,20220811,3,388929480427468916,13,197.3,2023,3,694502908298632078,12,24560251839,830,93707707,<NA>,1401,<NA>,32820A,nan,2.83
pKTwGCOqjEc0ZpxzvUc,mPxiwQgmrLQUyVN8hkC,343534619718919794,76,20210613,3,420522912579705203,14,654.2,2021,3,326919788386554926,2,10350585027,551,67913274,<NA>,2701,<NA>,O,nan,3.45
WHoBpbLIaychYrRNjVZ,1LhrH0YPSmCVM7zJTPa,711171951429998474,14,20210916,4,903229229125648826,6,198.9,2023,3,579662024899832363,17,18597452936,551,79377703,<NA>,1600,<NA>,32820E,nan,1.02
K9WpV5LHvnl3KuBcMDG,lxxLKFmRxytpktO0C3F,565384954690455163,0,20190305,4,nan,<NA>,81.8,2020,3,423970295306466059,15,09902920399,1822,50336192,<NA>,1801,<NA>,01920B,nan,1.97
RaUZxTyylE2EJgDRy4b,cVozVDDBjRgSa1DoWHU,788555617061657951,27,20230413,5,048072130779254127,<NA>,133.4,2019,3,942061190840178007,11,17163179191,644,27746509,<NA>,1801,<NA>,O,nan,3.44
LSBFWRgWeyTMFkHcg1O,hAqAEFGWbfTnU4fTtpf,430661553916114054,15,20190228,2,336895081648893023,4,396.0,2021,3,501550159855113664,5,73471800201,30,88508383,20211228,1600,<NA>,O,nan,2.78
xZLOKFq4Af2IVGNVFpJ,Vbor60KjE1ZU9roiJbK,307661262436747905,42,20200425,3,nan,2,236.4,2023,3,595094788013502465,13,51818792866,808,54042365,<NA>,1600,<NA>,32811,nan,3.31
RizzpGxvSa7LaUAkihd,SYezFFOP3HpCRvREcpt,593033497761127679,18,20210116,3,nan,12,151.3,2020,3,669516077655311209,13,85115630961,249,50435152,<NA>,1801,<NA>,O,nan,1.72
aHY9KcZO8BjR9WbYiQZ,LAbYcycw3ptLkFs87Bg,039443659074201051,27,20200810,5,159634764813723669,<NA>,27.8,2021,3,018604621689816287,5,95730240052,822,76771189,<NA>,1600,<NA>,01921,nan,3.29
YebZoKVmp3POTFUcBJr,rpGtwF7PGx0Pq4Gvd6q,227314192052143356,14,20210805,3,nan,3,431.5,2023,3,617318968577994213,17,41953688436,2246,16555943,<NA>,1301,<NA>,01920,nan,2.59
uQ16XckJ7v1WJqcnz3G,Sppv214Q0U0QOT1aVzr,830372255478050216,27,20200906,5,nan,2,86.2,2021,3,021484507815066382,2,83951108241,754,35089713,<NA>,1801,<NA>,O,nan,3.18
2GxXWYaLet0slwRwSj6,1dAk9ljhKJHyqUSdNtb,346907825434222739,95,20201119,3,nan,<NA>,114.8,2021,3,001113973667964031,17,30182830572,532,59916396,<NA>,1401,<NA>,O,nan,1.02
zFkiquBeS5ZyM7jx0nJ,W5Ewt8fSufe1TsERt8U,853035081185107715,27,20230409,4,nan,14,43.5,2023,3,985572176085332173,11,82783146612,1825,71204161,<NA>,1600,<NA>,32820B,nan,2.41
TXu0JgKGXSz9S4THs25,KLrVbkdskrnKy7exnrW,535147039391097653,42,20250613,2,168421589009446131,6,84.1,2019,3,120012668265941269,11,71213673739,1052,58898231,20200722,1801,<NA>,O,nan,1.18
EwMVcp8S0EjArYQS78d,pJEdfafbVIHEVmleRa9,901565614143768388,0,20230712,3,052037172769180855,5,75.4,2021,3,219847338752803387,16,26093431035,655,84008827,<NA>,1600,<NA>,01821,nan,2.33
XwhujC3oP2Ds6rLYT5w,gCLfKTcgPSCgbVhNKaJ,760880807001740043,15,20250520,4,679794063475796679,7,248.4,2019,3,591715075838136080,6,88629986816,1616,78468587,20240403,1801,<NA>,O,nan,2.98
jXuNFbyUli8DwabOokr,0WGgWZWqM2nkYMwLZc3,102744409268921214,42,20230909,4,nan,2,139.0,2022,3,741074311934791464,2,52242487457,204,09913846,<NA>,1301,<NA>,01921B,nan,3.33
QOTEkI7ewhCMdGz2KnS,Cs0VprNFCS16izPmkgf,630071618077331670,27,20221016,5,323820864820879538,17,867.1,2023,3,141002001184765674,17,22810789495,924,93803929,<NA>,1401,<NA>,01821E,nan,2.78
jtDov25J613vHOk7BCp,RShdQ8fpoCbdxUsneV8,569705093792926011,15,20201229,4,nan,11,90.4,2022,3,203429319490853173,15,23646870767,1351,44951883,20210430,1600,<NA>,01821B,01,2.71
T93SF2AFFy80pplZn2c,GtUAbUYSdgbCqXRTHfA,287804200617299902,15,20240524,4,383194000544356804,<NA>,32.7,2023,3,760216994894122373,5,91613081124,1032,25832104,20201215,1600,<NA>,32881A,nan,2.8
xMmneQnzn9SsJG4BSpd,1m7vAB2evU3GUdEPz2o,716002072153978903,14,20250703,4,155838002318064104,<NA>,606.2,2023,3,070750617682647758,11,61319535291,1919,16253539,<NA>,1600,<NA>,O,nan,3.04
SAv7qwTFla8CyY8Mp94,5c80Z3N3usf8oSHpaaQ,080948647664458057,42,20211212,1,nan,9,183.0,2023,3,792291878430226606,5,82830482686,52,26694573,<NA>,1401,<NA>,01821A,nan,2.46
zFkiquBeS5ZyM7jx0nJ,W5Ewt8fSufe1TsERt8U,223707227797306110,27,20230409,4,nan,15,4941.9,2023,3,960780806723557247,11,23765531028,249,71204161,<NA>,1401,<NA>,32820,nan,2.93
8WHvyLQ0qpvoM6gQ1IL,emeg9xZKAvlbq7WXzEd,437495858212127582,15,20230615,3,nan,14,854.1,2023,3,060368336204404916,2,59445501519,1638,08619891,20230402,901,<NA>,32820B,nan,2.72
anpWXATld2900Xxr5Qx,2IjwFY5DqZxIztb1q1n,575153102977863613,14,20190807,3,088952922167440037,11,2659.5,2019,3,510265238698667078,11,72497801358,830,18043000,<NA>,1301,<NA>,32881A,nan,1.35
48u4N069P7uOg9mfVqf,JwNNQkRmLjAP7H1B2nt,228895245212085594,15,20230222,5,nan,<NA>,49.8,2023,3,915086773203725938,5,08762683490,1646,95722521,<NA>,1315,<NA>,32881B,nan,1.91
xl02wJYk61kgWpReeH8,fpYHGZiel3MnXOolwE7,472861559346057443,55,20240221,4,nan,<NA>,67.1,2023,3,919925350644147825,13,93507712506,2030,96111389,<NA>,1600,<NA>,O,nan,3.13
anpWXATld2900Xxr5Qx,2IjwFY5DqZxIztb1q1n,637680065211771973,15,20200818,4,981997909196006741,<NA>,68.3,2019,3,118770145855285847,11,71148494603,1221,18043000,<NA>,1301,<NA>,32811A,nan,1.74
48u4N069P7uOg9mfVqf,JwNNQkRmLjAP7H1B2nt,480440153470522453,14,20190925,4,nan,2,83.2,2023,3,488753816116694474,11,08762683490,308,95722521,<NA>,1801,<NA>,01821B,nan,2.51
fqkJMkT1dQZJvsIgUJa,N4GqKSg8X7neEdvHEix,092283315416873261,15,20240130,2,nan,5,92.1,2021,3,556423344125531502,2,56268242421,1747,53499615,<NA>,1401,<NA>,01821E,nan,3.38
VpSRd1ijxHulSGOymbM,5cJxUIVMZXK5J88rNl6,172360459026461912,14,20250208,1,151250267515814308,13,133.4,2022,3,633071720381728885,3,91293326102,1026,13949582,<NA>,1401,<NA>,32820A,nan,2.76
dfa3J2H9IIFDnxo2rPH,8dVqvMwMI88aHII8qKB,842751032234079782,14,20190807,5,583345534277952719,15,136.6,2023,3,993437580817748552,5,62499490305,2310,35956084,<NA>,801,<NA>,32881E,nan,3.32
pngI5IUOaryLGve2kNp,Y9q7zTN6V5C3R3AGbBE,766390627348295121,14,20220624,3,nan,<NA>,334.4,2022,3,860689254287900583,5,18784794679,2231,07529874,<NA>,1301,<NA>,O,nan,3.0
AiGPwZwAbG3xkqkw4DV,yTe3v9IaBei4wIJGH8U,239631510956037661,15,20201012,4,nan,<NA>,215.8,2022,3,696850585772498345,11,58581226805,2337,02539999,<NA>,1401,<NA>,O,nan,1.11
TihaNwq9yOTjJKhmfIT,A9AwKpSjEjSFsDBaOdT,647051194742588656,27,20231219,4,638208077326184410,<NA>,66.3,2023,3,632699857196665053,11,21944631434,1747,92366869,20231123,1301,<NA>,01920E,nan,1.31
Ikrt3uTxZ8hjViCNYTs,z157Q0SZcMN8m2EDegD,982796729438329034,0,20190523,3,614422094197362040,2,202.8,2021,3,135630118496847357,11,50659728088,1205,39505305,<NA>,1801,<NA>,O,nan,1.15
ShtmI5x5mdkJgfi6ysp,TLgFHD8rD7ci8mNnFJl,211672230432196055,14,20230113,3,665448675861778761,<NA>,997.0,2023,3,931586428738343071,5,85884519746,1951,93658382,<NA>,1801,<NA>,01920B,nan,1.78
YebZoKVmp3POTFUcBJr,rpGtwF7PGx0Pq4Gvd6q,235362856090855382,27,20210530,4,242335135971603282,2,94.6,2023,3,425118625522509468,6,21239939065,947,16555943,<NA>,1600,<NA>,32820B,nan,3.47
apOBmBF2P3A9jlFucdP,VmA0GmWwZoA4GM5gslI,234723288903875564,27,20230323,5,986504063614989864,11,109.6,2023,3,479958055167861217,11,65221823420,1550,57843697,20200906,801,<NA>,32820E,nan,3.48
1muzV5yGUMPeFlHD70y,8yuqFB2FKYnP3ncQZSI,944807209489822546,14,20250327,4,nan,9,98.4,2022,3,969440942471905079,17,67019619842,1803,97517961,20200906,1401,<NA>,O,nan,1.8
GPh6MSnWNZwlq8Z2K5t,QUpr5bKaFjfY7DnkLcO,435560170656785015,27,20230131,4,974289287363231795,11,216.8,2021,3,410399008383742146,9,75298675983,601,54015237,<NA>,1801,<NA>,01921B,nan,1.23
jR1LNhAun6kGOwCnqTQ,WK1xi8lJBzSr1DaOBNj,507774024779992718,42,20230610,4,567689134546321364,<NA>,651.0,2021,3,812452227427673070,6,40637268472,805,13823001,<NA>,1301,<NA>,01821E,nan,1.31
GPh6MSnWNZwlq8Z2K5t,QUpr5bKaFjfY7DnkLcO,164356684234861824,14,20210211,4,196922377884490874,<NA>,116.5,2021,3,411959700236635641,11,75298675983,1511,54015237,<NA>,1401,<NA>,O,nan,2.67
FAZgH4UXCEcA5LuTzur,DIoCwT8lcHPsVfzuxxp,790554324912734324,60,20220929,4,nan,<NA>,43.7,2019,3,002618928992623438,9,91273309209,1305,71002340,<NA>,9991,<NA>,32881E,nan,2.17
7hbtuccmjLc0QE3J1Oq,8Dhb10vJLhlg8qM0CaK,690963300940059035,14,20251003,3,098390517980086623,5,64.1,2021,3,626316045380154375,5,70293230278,1107,03435770,<NA>,1801,<NA>,01920B,nan,3.11
HfI40GimcDea06pdemJ,kZ3fuVHQmzISTclJ8BF,103584516996585679,14,20190729,3,nan,<NA>,814.1,2019,3,773614170384071235,5,35027783169,1015,85623340,<NA>,1401,<NA>,O,nan,1.65
ZNoOjzxmWyMiDZeWts5,CIoWcGfYsijcmvcXjrc,229173178098649555,15,20220426,5,621928780711701935,<NA>,160.0,2022,3,145599249588010065,5,68027038227,928,88997304,<NA>,1801,<NA>,32811E,nan,1.72
cNTq3msQww0jGfmgGNO,bqTVRqBfiT4ZL50w6Na,633519231420817367,27,20250925,3,199256879027263686,6,75.4,2021,3,880706718300219876,11,54040137187,2359,64764530,<NA>,1600,<NA>,O,nan,2.01
upmAl8EBS1wE3n92VFm,lOVpH5lIS6jKzjvjQ36,232756960258020569,15,20200519,2,118256824492240278,1,271.8,2023,3,141645049575928777,11,03157594756,618,29472193,<NA>,1401,<NA>,32820E,nan,1.83
hv8rc1S0VdrkN7ificl,DWF7aPADxdKELvfFKAm,144616889265619222,68,20231120,4,058999201265887618,5,158.5,2021,3,888736816826617292,16,83739711037,808,81725872,<NA>,1801,<NA>,01821A,nan,1.24
SThGHXNw1sA96nmfHod,rH2LwBy7BF9tm2AbQ0E,089912422029710867,14,20230303,4,115067540977871315,<NA>,997.0,2020,3,237948941276018097,2,49634123668,1730,01314725,<NA>,1301,<NA>,01920,nan,1.57
eBYtbz7ABr4DOe9HtRP,4WCTkkFzF8cqrmTGhib,307718645150605821,27,20221115,4,nan,11,231.7,2021,3,830898496848682947,14,23825034845,717,31527673,<NA>,1301,<NA>,32881,nan,1.69
z1mPBcfBguNHvQ8hFRB,WcXvO0pGaHIJyP6n7Gi,317936251592442141,15,20221115,4,362080967448407184,11,228.2,2020,3,570888493364240485,8,53263109746,1430,55038512,<NA>,1401,<NA>,O,nan,1.91
vllSgcJWNl6fZgZ08ct,w8iPfEp5BPOfyNxwGY7,335217039689945636,15,20230106,5,nan,5,161.0,2022,3,297859216678929821,17,31270948891,731,69052701,<NA>,1801,<NA>,01821B,nan,1.36
7Zqux2MbvM2rIe80JQ2,4kVDzTxUqtuJAR1uUI8,590719450711616505,97,20190328,5,nan,<NA>,985.1,2022,3,002427649989093742,6,09083946817,535,03611576,<NA>,2300,<NA>,01821E,nan,2.14
WDMJHlw5Cjk1GYPyUAp,ncTTYa3twjdOjcb7eZ7,041374240186367498,14,20201229,5,nan,11,902.8,2022,3,241728648325227941,13,51852475964,551,71789156,<NA>,1600,<NA>,O,nan,2.28
RPHU3EOcRw97pwgl2E3,jvrZb5yX8g4EJwATHIs,315102783138593610,15,20240524,3,873025968480875795,<NA>,131.6,2023,3,666152071405364794,14,53580362703,2231,64748690,<NA>,1401,<NA>,01921B,nan,2.6
gHJaDGoXlClrQMXvh1w,hAEqjZuDq6N3jg5rVGV,101713553156617970,14,20200719,3,673491612053153927,11,590.6,2021,3,127259192710538829,12,62742720072,1803,98421959,<NA>,701,<NA>,32820A,nan,2.62
KbUQrl9KgQtSqluFLIp,GJkzXLxrimVyR731ePU,330349287080783891,14,20250815,4,374026516469737884,<NA>,193.7,2022,3,086671002902989887,15,52093516244,626,72542279,20250516,1301,<NA>,01821,nan,2.8
ocYcZRf4qqQamHpTxYG,X8QCRDeRUeO5hrTBgJX,458692403335946846,14,20200519,5,nan,<NA>,46.1,2021,3,033044708150975027,6,57911962607,2040,18191292,<NA>,1401,<NA>,O,nan,2.63
y9xGr3ujx4lRzheHOGh,1JE6LLlXk0Py59qJHGU,193880558031728562,0,20240711,3,nan,6,141.7,2020,3,299371227602011423,5,77583721772,2343,58271158,<NA>,2300,<NA>,32811B,nan,1.48
z6zrzyaGWV7YTVBb7gi,fnulmUxFhM5DxzpR4F1,822096667074760773,27,20210813,3,nan,<NA>,178.1,2022,3,188588433152563972,17,63328186578,912,43769304,<NA>,1801,<NA>,O,03,3.33
Q3giqLcRr4sDZNlXhO2,2Ejk3khTRA4T4UeBXcg,723423107035261082,42,20241027,4,159374704057088288,<NA>,4314.6,2019,3,191460502017471561,2,72227067280,2022,60129181,<NA>,1313,<NA>,O,nan,2.88
Iabwwgj38jg7KO0T6iU,hrW0I2c3sTNuzOvZl9Z,387573105427399635,15,20221008,2,795001971235161688,<NA>,164.8,2021,3,220606985844303816,16,42259882625,2219,58304385,<NA>,1600,<NA>,O,nan,1.68
G6gvF8smtjB6rB7LEeH,gYDz4JYQohwAR0yMCy1,711798424929494342,15,20210517,4,706129219269838060,<NA>,590.6,2019,3,413244318025543170,13,17728136586,2051,95601214,<NA>,1301,<NA>,O,nan,2.52
G7DjOOhEWYVVaW7xtzt,0rQS1kj3GFNpwEr9x5w,556756759744159278,42,20230413,4,180493241931188503,<NA>,59.1,2023,3,584332580467370871,17,31716715275,350,65070129,<NA>,1801,<NA>,01821B,nan,1.28
BBfbcgcrOrhYpSyBHkT,RgHdM0zkmuObt5RG4cs,826226587756737624,45,20230705,4,891603297997627264,5,110.7,2019,3,804549621080106581,5,54565870131,1242,48850081,<NA>,1301,<NA>,O,nan,2.69
sfFiYPNKOHHlh5qdGjR,pyAWXrUtDvhnIUhyR5z,690830175086684667,14,20250920,3,706422488157825602,<NA>,3626.7,2022,3,653287913846729457,8,95266640890,117,88345449,<NA>,1301,<NA>,O,nan,3.16
S88CtDk8FszIuBG4O6g,owBSyrYCJym86O0fQ1l,148675923472589617,15,20241214,3,nan,11,509.0,2020,3,334228372523291332,5,72552635257,647,19570023,20231123,1801,<NA>,01921E,nan,1.65
VpSRd1ijxHulSGOymbM,5cJxUIVMZXK5J88rNl6,153650248395145867,15,20220825,4,934899498823478356,17,322.0,2022,3,761651105886101843,16,96916145640,1630,13949582,<NA>,1801,<NA>,01821A,06,3.16
5b61wboGjbywiL65vT2,fY42bQzkiefiaWXURqx,945433798635076395,32,20220524,4,nan,<NA>,229.6,2022,3,496787954232073398,2,35153586934,337,55720329,<NA>,1801,<NA>,32881B,nan,1.34
hO6OhxKwaGDg41pW923,9dsyfhNfXoZy2AA1MFH,859839342614648550,14,20210722,3,311818156661201307,13,81.8,2022,3,510954602681401652,17,62808146274,1256,25222808,<NA>,1801,<NA>,32820A,nan,3.42
DlmFkNwhkLGXrhSivz5,eYU3uS1uadsEdc4S2Jz,830332290962854236,14,20201211,3,nan,4,97.9,2020,3,068245420476987649,2,66383915225,721,95785182,<NA>,1600,<NA>,01921E,nan,1.15
qwvrumJc7cuAdFKes7I,IVwgpGoASJOYIWzINSj,095739605375360868,14,20221128,1,nan,11,498.3,2022,3,368695568122438228,8,35156124977,245,14113802,<NA>,1600,<NA>,O,nan,2.33
RPHU3EOcRw97pwgl2E3,jvrZb5yX8g4EJwATHIs,997705995640311671,27,20231028,3,056384101420948105,4,49.8,2023,3,776465440678977866,14,98210033390,2132,64748690,<NA>,1600,<NA>,O,nan,2.77
0q8VJSFhhjGsQ4TeCuq,pIAK14uim8mAPmJlvIE,557224960514817134,14,20240524,4,nan,<NA>,651.0,2021,3,433398629706034272,14,97361408684,1040,28748086,20250725,9305,<NA>,O,nan,1.16
AS5SORJNTRV2XAOnYpP,31Raq7GmyJFbV96RAMa,220004438991922347,15,20220515,2,nan,<NA>,833.1,2022,3,292734286010071491,6,83562349342,647,32540888,<NA>,1301,<NA>,O,nan,1.49
2SlbxdfPrzgIQhSDdt2,3mLcDwSqoux74NqbYNA,140375408082576689,42,20220422,3,910217021526121924,<NA>,5289.3,2023,3,392923147174741905,2,14836232669,2003,28682754,<NA>,1401,<NA>,01921E,nan,3.41
a3cRDdkGiYaAEH52CN9,Zx18nKCJhLc0bt6B1K5,482450247546924767,27,20241116,4,629417563711892410,9,90.4,2022,3,631118430798494918,11,18815938056,2040,33583191,20241217,1401,<NA>,32881,nan,2.78
s6lYMYgswfqOmXkfDJT,Q7uUHZyaTyfWdScNhX6,230741399629904542,15,20251225,4,635286312176259841,<NA>,147.0,2023,3,959124795645489927,11,66041144666,1854,79561571,<NA>,1401,<NA>,32881A,nan,1.88
hBq1M9Y9dzDRsYbVDVO,QMo57vo0dkg7IXc14dz,043737082134911241,27,20210211,4,712331845359961552,6,779.6,2023,3,335621317002027936,11,59859020245,2249,88043742,20240918,1600,<NA>,01921,nan,3.31
gbpqXq3L5hxvzOKEJRB,ciWOOyVtKXCZeSbBY61,890196181779213174,15,20200427,3,999549798037893426,1,396.0,2021,3,818092905860063796,5,98964332713,949,71999430,20230121,1311,<NA>,32820A,nan,2.21
P673cSFi0rER6kZ4fjD,uVHmtx84uNVBUkZpdgS,530209868785248056,32,20240221,5,nan,<NA>,210.6,2019,3,540012773348524991,12,96584806652,233,67782845,20200512,1401,<NA>,32811A,nan,1.28
qQR6yplZfdM17WpkyQf,z4fYvFPyHDIa6zIw7Jl,473003888433865410,14,20200122,1,698819240878365554,10,673.0,2022,3,555505679149808527,13,52480656264,1901,48232751,<NA>,1600,<NA>,O,nan,2.65
3uOJPWx4glNq4uk3fhz,9D5tu02N8z8yNHf9lc0,312459513757556661,14,20220816,4,nan,<NA>,56.7,2022,3,419720454392248297,16,65211555859,903,37339799,<NA>,1301,<NA>,O,nan,1.72
olyzSwSStMvir00W2VH,6uCw45Srd2Yw933jYJ4,902609390481664973,15,20210613,4,705714643501415438,<NA>,154.4,2020,3,470790552511750631,2,72942753394,2313,57339420,<NA>,1801,<NA>,O,nan,2.18
qwvrumJc7cuAdFKes7I,IVwgpGoASJOYIWzINSj,908748969394176030,14,20210813,5,217651216970284433,11,69.8,2022,3,657052044765097078,11,32333648802,519,14113802,<NA>,1315,<NA>,01920E,nan,1.61
1wHRCnAtoJXRbqDPwOJ,pXjrk8mfpQ3laYtC8dg,648691130769755077,81,20240221,5,731185773779694849,13,654.2,2023,3,498119968543826986,11,40753471369,2144,78731156,<NA>,1401,<NA>,01821E,nan,1.39
mFTdocYdOxgM0yZ64V2,vTdrugceEe3L7sSL10v,720255437167544944,45,20240418,4,484698057700771108,<NA>,683.3,2022,3,915348845559110520,10,83235406802,36,47899076,<NA>,1401,<NA>,O,nan,2.14
ahdRgcDAQteLoGfNMf4,lVbtIJ2zjdScuWjs7IP,487952477725758737,14,20210116,4,nan,<NA>,525.6,2023,3,239127642013325844,17,03642281539,333,86918883,<NA>,1801,<NA>,01920B,nan,2.77
BLZUFrz2lGLJD3Qvm0X,9BqgQmGkyfeTF377WEo,500491032602697726,14,20211115,5,461073612182207078,5,164.8,2023,3,941646710404092846,2,69493579569,1417,09510918,<NA>,1301,<NA>,O,nan,3.42
S2f9LHmBrphR6sV0qw5,w5sobLFTjmOeRYRK1rw,662566524750618458,14,20250520,3,nan,2,150.8,2021,3,298760515521742881,11,03445807440,328,01111458,<NA>,1600,<NA>,32811A,nan,2.36
DVwsjAfhlUZrHoze4A4,S0RjZL0fHLaBPS4rUaz,921475151937394904,14,20230409,4,188975319468185721,<NA>,683.3,2023,3,048713373285906888,5,42909377517,1452,45228716,<NA>,2101,<NA>,32820B,nan,1.8
ZNoOjzxmWyMiDZeWts5,CIoWcGfYsijcmvcXjrc,381487322823527400,14,20190627,3,855661588317999434,<NA>,215.8,2022,3,052059373067558925,11,99649122503,1823,88997304,<NA>,1801,<NA>,32820A,nan,1.41
urwgK0gkkRINfx3UUPF,zEiQyuHzZELHcEVoAlT,883874322586217195,14,20220707,3,nan,2,204.1,2020,3,763599326042009784,14,82226037548,45,63958587,<NA>,1600,<NA>,O,nan,2.96
ZNoOjzxmWyMiDZeWts5,CIoWcGfYsijcmvcXjrc,794661465932815226,27,20210108,5,nan,<NA>,118.6,2022,3,288361195283192761,5,68027038227,219,88997304,<NA>,1600,<NA>,32811B,nan,1.83
ahdRgcDAQteLoGfNMf4,lVbtIJ2zjdScuWjs7IP,241446915795058842,69,20191027,2,nan,11,456.1,2023,3,598436050782046180,5,03642281539,328,86918883,<NA>,1301,<NA>,01920E,01,1.18
Isd0dpV0ANBUSpEHKnk,hjewYHXPvGuPPxKgvdZ,345808549580843759,27,20240221,4,535009239230667233,<NA>,161.0,2021,3,247631377638558798,8,64497343825,1936,54996536,<NA>,1600,<NA>,01920B,nan,3.47
Gp1QtoHj9621tbEcxew,pFLm3NiuZ9oFBoOAUT1,863130372977931674,15,20230222,4,370564655067385031,<NA>,889.0,2022,3,010763780792716688,11,16306781877,406,24760802,<NA>,2300,<NA>,32820B,nan,2.25
xMmneQnzn9SsJG4BSpd,1m7vAB2evU3GUdEPz2o,681921729312991827,14,20190410,1,nan,<NA>,779.6,2023,3,390319868587020183,4,61319535291,1308,16253539,<NA>,1301,<NA>,32811A,nan,1.65
obHEUZJ6ABBlMLKxsLH,FvFk8NpHuk2Am29R18u,450506772269597389,35,20240418,2,559271202029308432,10,673.0,2021,3,728686599114663682,3,73264787811,2030,48240369,<NA>,2101,<NA>,01821A,nan,2.63
0jv8IqoyNWu5y3gatfd,nR5DuFcT3cfkDaIJ98m,583650434934200183,17,20230131,2,128269295600336849,12,192.9,2021,3,198944928044565635,5,57352407441,1221,84111941,<NA>,1600,<NA>,O,nan,2.8
6nTKlbqkjwdXhAslibH,fKnJI2VXJjapGsGqIg2,844347359485988766,89,20190427,4,262594371342689719,11,683.3,2023,3,826366312964084739,9,53910514399,1722,24320516,<NA>,1301,<NA>,01821,nan,2.21
FT6D5JG2WaUKlQtsgVa,d5Q716WusOvyMpKgead,205642203332111275,28,20240511,4,nan,11,33.8,2021,3,686586503871579587,9,11710767267,2327,22146811,<NA>,2701,<NA>,01921E,nan,1.9
z1mPBcfBguNHvQ8hFRB,WcXvO0pGaHIJyP6n7Gi,642454688218238641,42,20250722,2,nan,<NA>,162.3,2020,3,368445424047212779,16,85303892584,1217,55038512,<NA>,1801,<NA>,32820,nan,2.59
TueiHrquPVVrZBG82B0,Zubftq11wvJ9VDgdBXt,731356787355514287,15,20201012,4,nan,5,197.3,2021,3,249479195087561363,11,63641385414,1947,34477476,20201018,9306,<NA>,O,nan,2.82
Xt5yOo5PemZXbpTXO5G,ZwSZpY3Ex3IXA3c3xVk,882485756782406652,25,20250320,4,nan,8,210.6,2023,3,903308742261920119,11,28756458656,903,57052057,20191014,1401,<NA>,O,nan,2.01
ty9ticuhaVclDHh952G,TCrpOWrFPPKTFe80Hkg,479909416251151416,14,20221016,4,003718859959994145,11,103.3,2021,3,938319643604395646,3,00870448413,1638,20927913,<NA>,1801,<NA>,01821A,nan,1.2
RaUZxTyylE2EJgDRy4b,cVozVDDBjRgSa1DoWHU,030973345863759772,27,20250408,3,nan,5,409.4,2019,3,047065563488101277,4,17163179191,2058,27746509,<NA>,1301,<NA>,01920,nan,3.47
Isd0dpV0ANBUSpEHKnk,hjewYHXPvGuPPxKgvdZ,609097750494047188,42,20190410,4,nan,17,192.9,2021,3,167370943576638676,1,73239973475,1858,54996536,<NA>,1401,<NA>,32820,nan,3.41
LDt7uZya6uDnHDeSRaL,rMKQyhqBwo0ur4J6ocO,913749363454390571,14,20250729,2,583412110863083104,5,89.6,2022,3,220463548946289229,11,16033696855,833,01496096,20200111,1801,<NA>,O,nan,2.5
3ZHFsCXweWy0wU5B8v1,BA7hcKRYbTFOuDrOY6K,368966569053355245,15,20250925,4,702677099513476342,<NA>,77.5,2021,3,710454995292082489,11,79904827950,2058,23697303,<NA>,9307,<NA>,32811,nan,2.76
Cm41NPOxtV0ULDucuI7,Q7tMX5phpVxOPM8P7WV,204673730865738160,26,20231012,4,255948663709292427,12,100.4,2020,3,354770538629606855,16,75913096001,846,35653867,<NA>,1401,<NA>,01921B,nan,2.66
P5FehadGKCHm2mvGpCC,kkP3zmzqHkIuthAX3KP,842775083097517494,14,20241121,4,nan,6,233.1,2022,3,117457964812810563,17,83462819256,410,45647399,<NA>,1301,<NA>,O,nan,2.47
XFHSfT7kzxgISlGpyL3,bvqWgQvS60sNYNwG1Fj,590769316911266825,42,20241016,1,nan,<NA>,236.4,2021,3,675829815122317167,12,99722522012,1722,18255176,<NA>,2701,<NA>,O,nan,1.88
NsP4p25bkuQT0acz9zc,3tPY7Qu2Qx5QwAytCLR,622459764537746650,11,20201015,2,653079429864710887,4,75.8,2020,3,788971679136698398,11,08126757115,2001,82696247,<NA>,1401,<NA>,O,nan,1.78
SyxD9itGJc2LavoCUEt,AHAZ0fSGgCDExe4XyX9,891152762350233659,0,20190525,4,985193620433397704,16,979.8,2023,3,968010919376901296,17,83901779079,2105,07458822,<NA>,1600,<NA>,O,nan,1.89
1rxbHUKL77JlDriFq9t,Wd5B1jxhUl9nVV2fDhE,414464741360473823,15,20190729,3,890457381782049993,<NA>,797.7,2021,3,497687776236062211,7,70056798160,219,97540235,<NA>,1301,<NA>,O,nan,2.11
3chcS0V6EdxJfst0IHO,qOxQiTKLHaOww5lAMNj,577746527894160763,27,20240221,4,173321004855133996,14,164.8,2023,3,091959537171914821,14,61286502323,26,20943313,<NA>,1801,<NA>,32811E,nan,1.92
7JahPJMy0vD140r2uIp,IJxjeaiN6FLW58z0st4,467671969389755744,14,20250729,4,486936926485400743,5,35.1,2021,3,755625603216273817,12,17322963236,24,30240764,<NA>,1801,<NA>,32881A,nan,1.96
xT47Vpx8lKupJlFpafD,KaJkCVDEZ5uWiO3erex,707743796664139455,70,20220323,4,101075802437792270,<NA>,686.1,2021,3,607258098098721062,13,83909725690,2122,99660305,<NA>,1600,<NA>,O,nan,2.59
6nTKlbqkjwdXhAslibH,fKnJI2VXJjapGsGqIg2,412782957465808386,42,20220426,5,164149389092161422,<NA>,110.7,2023,3,280882133339635286,5,92985696790,731,24320516,<NA>,1401,<NA>,O,O,1.02
jQ1z6eR3EDbatPrh9Y5,9nabIz4sEFdw3a3QFyL,825774320779321841,94,20211115,4,647886660753542855,15,168.8,2023,3,721920648014161244,14,87386893422,1936,67676611,<NA>,1301,<NA>,32881A,nan,1.28
MpPF5gF9EyTt9kOs7Ts,JyxCCThHVhhDjKhf550,731761405020789772,0,20190414,4,211632816382512329,2,179.8,2022,3,450914616107908133,17,40383208560,156,20804892,20200512,1401,<NA>,32811E,nan,3.41
M0a6Cps9pTXpm8e73MV,QBBbJDm66JtKLYRyZ3h,183483225917031818,69,20220304,5,563673826176240557,16,83.2,2021,3,262674731629040815,17,74654696984,1327,26690649,<NA>,1301,<NA>,32881,nan,1.23
DlytQ7IT4e2RGFcQpWd,BSerEjTjkZwT6tZADCl,839421479196980341,14,20210211,4,nan,<NA>,183.0,2023,3,682383971362782776,14,21514294887,1516,26218457,<NA>,1600,<NA>,O,nan,2.53
lzJYwb4lytolbMgnQKQ,8daya7si9D3242UZvXn,329930480056804047,27,20190324,1,nan,<NA>,228.2,2023,3,779365661746757567,12,68958115021,626,23315960,<NA>,1600,<NA>,O,nan,1.11
60HpLT5ousHZPEE0ZQg,nth9qbWoVL6uBqi7cX0,579288155936236368,97,20240307,3,nan,6,136.6,2022,3,754026959664832063,2,39344479710,30,88620242,<NA>,1801,<NA>,O,nan,3.43
ZNoOjzxmWyMiDZeWts5,CIoWcGfYsijcmvcXjrc,039879059830740693,14,20190503,2,972403746908507472,2,233.1,2022,3,434586955053247511,1,68027038227,849,88997304,<NA>,1600,<NA>,32881E,nan,2.3
8aVXDW3eCOVYqBT1BOL,3IKadaBNK5nmRl25BLc,612643685221073467,14,20210114,4,953431325046036962,<NA>,77.5,2020,3,314613444879718313,15,54843633259,2022,69640505,<NA>,1301,<NA>,O,nan,2.92
CCd5aljq7xrjIusWXnI,e9lTN5t7nNPpGa7w0TH,486003530031916217,15,20201126,4,nan,9,147.0,2019,3,028572529201657045,1,73475502808,2022,13826374,<NA>,1301,<NA>,01920E,nan,2.95
DVwsjAfhlUZrHoze4A4,S0RjZL0fHLaBPS4rUaz,352710643556383832,42,20200410,3,576790100867085874,9,141.7,2023,3,793167269321507343,1,42909377517,1052,45228716,<NA>,1600,<NA>,O,nan,3.26
83YidSJQkitqGdr841N,iKaDQjUePMSPiFWU72d,619666943539873924,27,20200605,3,nan,2,246.4,2019,3,100263940979566447,15,38326737390,424,57400687,20211228,1801,<NA>,32820B,nan,2.71
ZrIdCdO4WjMQ9lH6Uq9,AFxXg2jdU8FDqar4ZVv,376764690355172961,17,20240114,4,777767583875144074,2,2889.0,2021,3,585163278940996663,2,69604294545,1847,95761944,<NA>,1301,<NA>,O,03,2.18
M7IFuVZHwbpywH7kNpm,ulptr57TSpZFTE6XHLa,596386593177982202,23,20210211,4,nan,12,90.4,2022,3,685739329454464010,6,63591324181,551,24651139,<NA>,1301,<NA>,O,nan,2.74
IPTpnX1Oc9a6sq6xu7l,RuhswBZOHH5SyIGSsru,218876187106288624,15,20190328,4,nan,11,893.5,2021,3,726372370846678494,13,45229901651,500,68684013,20230519,1301,<NA>,01921A,nan,1.53
TMC71QgN6M1ZMb0LZ5s,VVG5QagEF5iEyPBFsbO,403355978973071543,15,20200818,4,700250535647074429,2,66.3,2023,3,524094211112578568,16,74600981287,138,62604585,<NA>,1801,<NA>,32881E,nan,1.84
ggtSz9WKPf7VyUhjfLi,Qa2Zi91Tpr7bGtMqYRL,478623912331845922,15,20200818,3,nan,<NA>,742.2,2021,3,297031254709080746,11,45442668352,822,73685108,20240918,1401,<NA>,32881A,nan,2.77
J2HVw0gQCcoJ8QPVfQB,0cu83UuqWjrzmJA9oSH,182202841967911317,14,20240511,4,889849613154426109,11,43.7,2021,3,495116730201690425,17,57943657773,924,52747693,<NA>,801,<NA>,O,nan,1.69
3KerPzRpceN8wf9lCdI,N5tCFaiLqva6tiS2RIg,636866711047172292,15,20220313,4,nan,13,184.1,2023,3,563791295148848343,7,62922181164,337,94879527,<NA>,601,<NA>,01821,nan,2.91
PCI7mEDBGBqhQv9WcEy,SrxELqDYNr90EDht3Xs,679097329118964104,42,20241008,1,nan,<NA>,202.8,2021,3,434906473850222513,2,32077870282,148,99311332,<NA>,1315,<NA>,O,nan,1.73
Xx8zrEMb61pQU3dRtpO,qBSYM01JNwAMSNrNwsO,962226998806896398,23,20200106,4,854496670776233001,1,46.1,2023,3,485488548337022955,11,28260220904,1627,16602719,<NA>,401,<NA>,01821A,nan,1.41
0jv8IqoyNWu5y3gatfd,nR5DuFcT3cfkDaIJ98m,538144705600899776,14,20250129,5,nan,<NA>,158.5,2021,3,896499608398762909,11,57352407441,245,84111941,<NA>,1401,<NA>,32881A,nan,1.07
55rsWGz3XRaH0Am0jrh,6bCHXeeEZJRexg2FvIs,313333623664606183,15,20191124,4,506817966030185417,5,221.2,2020,3,908572001184894540,5,59908674686,535,97692598,<NA>,1801,<NA>,32811,nan,2.93
PMTArVIbsE3ZtogfgFm,MmAsnKWjHQ5ugFtWEI4,424960509200239086,27,20220314,4,663055035043901192,<NA>,135.0,2022,3,205424257378337109,4,38135610581,45,25200689,<NA>,1600,<NA>,01920,nan,2.94
ocYcZRf4qqQamHpTxYG,X8QCRDeRUeO5hrTBgJX,517656154066239933,14,20200906,1,nan,11,190.7,2021,3,699318246926791032,16,57911962607,1052,18191292,<NA>,1401,<NA>,O,nan,1.98
JAuEZ0PKpUG2LtvQuYi,YSgvHGx4l9elI1ZHvxe,969553163013275037,59,20190414,2,298021646995692427,3,997.0,2021,3,369086591534341117,7,15494604047,647,11217900,<NA>,2701,<NA>,32881E,nan,2.22
PCI7mEDBGBqhQv9WcEy,SrxELqDYNr90EDht3Xs,919869568251933486,94,20250625,4,nan,2,48.6,2021,3,318693029867074698,11,32077870282,224,99311332,<NA>,1351,<NA>,01921,nan,2.15
mjUec34wHf1QQaQ4Fbt,kp6cFrmcetX9LDDl95F,838250604364471178,0,20250613,4,nan,9,545.3,2022,3,702736615271043481,6,08167232766,1532,28447750,<NA>,1801,<NA>,32881,nan,1.06
13meYVuRsvopIGqPc0G,3hZXFdSpm6qYgHSnKJx,210336378892549541,57,20220314,4,376418266380905884,11,154.4,2023,3,757343758045238710,2,07165336994,930,74402477,20220606,1301,<NA>,32820E,nan,3.18
hZLz4mXPSUgH7tZ34lI,lfzAFz4F0Z2a398gkrc,249000468764238693,31,20220414,3,593630086952512536,<NA>,214.5,2022,3,560671880442077597,5,75687265300,1924,79800503,20200906,701,<NA>,32881B,nan,2.03
SiXimsNXr3TFCNTQ7Ig,2tdIGfMAsaLdwxg5Ayc,197835042945305883,0,20220222,3,nan,2,166.2,2022,3,276832427014457950,2,87503152571,833,03783072,<NA>,1301,<NA>,01921A,nan,1.07
DVwsjAfhlUZrHoze4A4,S0RjZL0fHLaBPS4rUaz,686977916409842771,26,20190503,3,050905631541361469,1,27.8,2023,3,160150303718577057,2,25600510246,1622,45228716,<NA>,1600,<NA>,01821A,nan,1.57
GXUjHLTiSz3l4Y6Z4kn,LIXJLiugy5lYG9EjZCS,794199525161829706,14,20241227,3,560854117288424521,<NA>,900.2,2021,3,385485800164977746,5,98660857540,2110,08495426,<NA>,1301,<NA>,32881,nan,1.95
ahdRgcDAQteLoGfNMf4,lVbtIJ2zjdScuWjs7IP,032270930570801878,14,20230113,4,nan,<NA>,49.8,2023,3,004464123236317822,12,03642281539,705,86918883,<NA>,1401,<NA>,O,nan,2.3
G6gvF8smtjB6rB7LEeH,gYDz4JYQohwAR0yMCy1,171633535823109421,0,20220716,4,312314234805419171,<NA>,56.7,2019,3,618329961689594522,11,60332330530,312,95601214,20240403,1301,<NA>,01920B,nan,1.12
OWsOt0Jd7XRAOInkgQ1,YEXUNNxn4QgAvrwtvDO,587744077980341209,14,20240111,4,nan,<NA>,2545.5,2022,3,069655551957575575,15,69368387905,1854,41837893,<NA>,1801,<NA>,32820B,nan,1.72
ZB0xWqdoYzZE2Cz5jVP,ADV0hGRVJQtmFrl0ROO,369437478207034785,27,20230705,4,nan,13,184.1,2022,3,583518410318119612,11,54434344007,1217,85421375,<NA>,1301,<NA>,32881A,nan,1.42
Zerq8qYH66SeUIp11Le,FWwL6oFGUDvYEZdKNMR,233241322778138858,42,20210805,2,nan,2,240.2,2021,3,659865378139099165,9,23485285760,849,09130495,<NA>,1801,<NA>,01920B,nan,2.29
J0ny80eaCwIEevnt6Zh,inTEqwC5tlDhoBihN4i,455718784894121509,15,20201119,4,191195990125054668,<NA>,421.1,2019,3,082613151789597029,2,54350387046,604,47075293,20250725,1801,<NA>,01920E,nan,1.06
yGueixDupJbKALZffO2,TJi2JsYVqiB077nbY7R,647249906732670352,27,20211226,4,nan,<NA>,509.0,2023,3,664743998530930463,11,11733045709,1709,47758968,<NA>,1801,<NA>,01921A,nan,1.35
wCwFToQ7wdqNnD3BemI,pwzfrmqqdZda1TAsMtf,745336899368369449,27,20240915,3,518785639549884921,10,456.1,2019,3,544651802536828184,2,30066883881,350,10764944,20220713,1801,<NA>,32881B,nan,2.81
ZrIdCdO4WjMQ9lH6Uq9,AFxXg2jdU8FDqar4ZVv,601861821314378212,0,20240307,3,237428256045555209,<NA>,941.1,2021,3,943301909049342223,2,69604294545,601,95761944,<NA>,1312,<NA>,01921E,nan,1.68
iJyfLJvHOMt1At89y9s,rk7YgGDSm0N7628kWla,998462749744577636,42,20230909,3,094253088202706118,<NA>,139.9,2022,3,600839725698223695,16,75215740699,1529,04120172,<NA>,1301,<NA>,32820A,nan,2.77
OkCuOYlxUQtxLvKQ4us,ky8nGPOS0qMOK7n7BTy,685347211236998964,42,20240114,5,760340913144451897,3,69.8,2023,3,615313604155768300,8,70057881310,2051,50594151,<NA>,1600,<NA>,O,nan,2.54
pKTwGCOqjEc0ZpxzvUc,mPxiwQgmrLQUyVN8hkC,401580118663417915,27,20220707,1,nan,2,4053.6,2021,3,565780269334396964,7,68163152421,1854,67913274,<NA>,1401,<NA>,32811E,nan,3.14
jQ1z6eR3EDbatPrh9Y5,9nabIz4sEFdw3a3QFyL,724386201318249813,15,20211012,4,579447410711400770,2,46.1,2023,3,297640930925497125,5,53403399840,215,67676611,<NA>,1600,<NA>,32820,nan,2.55
H8Kb1RDa5qSGIqJPpXu,cmYz7PNZ8zeenBvB7Vx,967930177555946471,15,20210218,4,241119402439847490,<NA>,190.7,2023,3,887766610782291241,2,92449678386,2102,60089170,<NA>,1401,<NA>,32820,nan,3.39
32yhIyvtNUA3WZYj5bE,iVTUZepu51lQYdWHZIl,204465052571439976,42,20191014,3,nan,<NA>,742.2,2021,3,066895155636229096,2,92102677258,1156,49819812,20200804,1600,<NA>,32820E,nan,3.49
xXC285B5JKoxODAH7hJ,Dv1xtLmpUrMCQf1QkWs,560404900899646404,15,20200329,4,nan,14,89.6,2022,3,911779644130854098,8,01609829104,1941,76894594,<NA>,1600,<NA>,32811B,nan,3.32
jQ1z6eR3EDbatPrh9Y5,9nabIz4sEFdw3a3QFyL,339441927988171954,46,20201012,4,nan,12,2889.0,2023,3,726559140217414272,5,53403399840,1709,67676611,<NA>,1600,<NA>,O,06,3.32
6pnrGTtjptx2qq6yeDd,x2lN2het6kJ3ogX9CaH,263948262518143521,15,20221223,1,nan,6,448.3,2022,3,135017481521918634,4,13199270709,1947,88830220,<NA>,9306,<NA>,O,nan,2.65
jrj7X6NliuMfAQ99XiD,t4KIgOVO8Xw4dI6TBQb,580269518446854152,94,20250613,4,nan,3,549.0,2019,3,990993555752633893,11,52364142074,233,08438399,<NA>,1001,<NA>,O,nan,1.86
mYP4HfPatFnsg0reeKM,51nIYmmAa7lpsKX9xeO,805111486887222884,0,20220807,4,nan,6,224.9,2023,3,260831419124762765,9,52070150748,24,51552666,<NA>,1600,<NA>,O,nan,1.97
mFb6Wldog5TvxSGiMzf,buZorFJFpvG9tsXTn4a,536655390809345059,0,20190115,1,622822383961009137,<NA>,116.9,2023,3,701095605225180825,2,19354948415,1351,73238902,<NA>,1314,<NA>,32820E,nan,2.53
ldzhEiEoZDtndvXR8b4,RrAtOs7w7XQjg5NByF9,886835280587061665,14,20211012,2,196330015354492726,<NA>,97.9,2023,3,830549844688312263,3,85285036651,1217,87720098,<NA>,1801,<NA>,32811A,nan,3.35
5hZbuQeHNGtCoVz37RI,M4smxZNkyvFmlvMBEB5,885335621186914682,54,20250520,3,024552015432588420,<NA>,97.9,2021,3,051012228807257245,2,35321616095,1758,03676889,<NA>,1801,<NA>,01920B,nan,2.86
Md7y7ZyTOMytu5rHvwn,r3YPiIDfU9NfTFKxYBk,714171917272532920,14,20190303,2,nan,11,184.1,2022,3,620123857418878331,11,23493922132,2117,45584536,<NA>,1801,<NA>,32820B,nan,1.37
AQ09gaIBgpRGfNWF490,nKfyWIg88Cs11jzPOKW,838196470866891801,43,20241016,5,151913605617003745,<NA>,614.4,2021,3,251322619903088261,17,74074613689,2306,39519448,<NA>,1301,<NA>,01821A,nan,1.65
ocYcZRf4qqQamHpTxYG,X8QCRDeRUeO5hrTBgJX,916944086552437471,27,20210530,3,nan,<NA>,477.5,2021,3,510769607805907493,15,57911962607,308,18191292,<NA>,1301,<NA>,32811B,nan,2.69
ogjgHoy7OeiYMzFpwlf,kqHejgC3qg8UCSHMhzZ,166168542384937413,37,20200526,3,379083780988622079,11,549.0,2023,3,285322740229247771,13,43699801058,1709,40032686,<NA>,701,<NA>,32881B,nan,2.77
T93SF2AFFy80pplZn2c,GtUAbUYSdgbCqXRTHfA,789094832788688731,13,20230106,3,027969373768258323,11,83.2,2023,3,703464103248655713,16,91613081124,2139,25832104,20210430,1801,<NA>,O,nan,3.12
1U5OY8pxcCRmjZL08qT,ns37HetJ2DedQl6Dz2o,039784801642705721,14,20220919,3,nan,<NA>,54.2,2019,3,714026691911063191,5,51961066271,215,95089517,<NA>,1600,<NA>,32811B,nan,3.33
Y5RdbLTX4P2GUXnhssx,dpR7T0MlKiVPKSpvZsH,046259542768373823,14,20230917,4,400249386152019063,9,94.6,2022,3,998002059488809269,14,50517418578,1414,00310458,<NA>,1801,<NA>,01921E,nan,1.74
kc0w8dxveDNEm20kyki,zZclGaViTwwfh8lp8K6,473298141080406197,42,20200302,3,nan,<NA>,440.6,2020,3,733903597970505953,11,95322009560,2003,37227199,<NA>,1401,<NA>,O,nan,3.32
DWMqHUAiubBqGftUOmO,VaNIlLsnROOADBQUSrY,118926655051966013,14,20200515,5,nan,<NA>,53.4,2023,3,001642858249839015,11,92151659127,833,46895204,20200804,1801,<NA>,O,nan,2.43
dETL9bOhlV8R5Pk8vly,GV2FObM7Qg2juJ7MWY8,510738521668500660,15,20240324,4,nan,11,27.8,2021,3,005158187683658928,9,62678735480,435,44122195,<NA>,1801,<NA>,01921B,nan,3.45
jPXoke1G5dWupMIfQ9U,3xLm8W7PFNB6FGA7SA6,728312038410153859,27,20210411,3,195532784637592633,<NA>,219.0,2019,3,985429095247353267,11,56342414154,122,35257694,<NA>,1600,<NA>,01821B,nan,1.91
DPNEw8wLmvJ2jNDX8Fo,zb2jXd7MzLR04LeXsV2,198978335122597969,22,20190410,4,nan,12,762.3,2023,3,901265483311251672,17,95592922489,1847,55399335,<NA>,1301,<NA>,32820E,nan,1.37
LBcatA0ghu1OdCNPbN5,FV5Ysg9jZum82o5crgO,584067203931982378,0,20201126,3,568376543398521003,12,96.2,2022,3,776481550090813113,1,61920503144,1924,32391615,<NA>,1301,<NA>,01920,nan,3.47
A8Dybk9pQhLwZcl15Ww,ViMGxXCOlc00liEVWHR,617353374516319194,42,20230917,4,nan,<NA>,658.4,2023,3,352885145450385407,6,46989592086,2211,27130771,20200909,1301,<NA>,O,nan,3.26
aeMb1kX5ADXg2iyon5j,SqmE0mLWgAtAXLQE5mC,930136376952770353,89,20190503,5,002774238350414067,3,249.5,2019,3,427425289900989465,3,99858415776,1947,07564949,<NA>,1801,<NA>,O,nan,2.36
wOhVtB6wBSt6R1JXlL5,XY73r3C3zkbKoWeKM4M,815819584017575206,88,20210130,5,913916156384800577,7,81.8,2023,3,499167432040528914,14,79234493294,942,35778667,<NA>,1600,<NA>,32820B,nan,2.53
2fc18styIzS8Oi5E8hX,CK2zHAOzEYSpD8c0KWp,171875541679191142,16,20210427,5,nan,1,889.0,2019,3,426369998549579741,9,66742789347,1058,88804296,<NA>,9991,<NA>,01821A,nan,3.22
HfI40GimcDea06pdemJ,kZ3fuVHQmzISTclJ8BF,748859428364917649,27,20230511,2,913615119409713869,5,160.0,2019,3,326643305780312481,12,53551892813,2202,85623340,<NA>,1600,<NA>,01920,nan,1.54
y9xGr3ujx4lRzheHOGh,1JE6LLlXk0Py59qJHGU,463301346202277200,42,20250320,3,339260141579398619,15,236.4,2020,3,596547096911034651,10,77583721772,328,58271158,<NA>,1600,<NA>,32881B,nan,2.37
gbpqXq3L5hxvzOKEJRB,ciWOOyVtKXCZeSbBY61,799722067260996951,15,20200122,1,944964462221602941,<NA>,40.1,2021,3,787383090989630909,11,98964332713,958,71999430,<NA>,1401,<NA>,32811B,nan,2.62
piHtZSvoQWWLs0oI00r,dmLBLudpvRzrVkAcUkN,816253596541679814,14,20250520,4,532082240592304328,<NA>,271.8,2023,3,376338087328892525,9,14492118285,2150,41799509,<NA>,2001,<NA>,32881B,nan,2.38
A8Dybk9pQhLwZcl15Ww,ViMGxXCOlc00liEVWHR,763013033563627099,95,20211017,3,312616585117377904,6,979.8,2023,3,029915965282669894,5,46989592086,11,27130771,<NA>,1301,<NA>,O,nan,1.42
4lAVO0nqLFjDMHCXjzt,hMPrKhVvuKP6YX0vF09,827226110819426829,15,20230830,2,061677052388958306,6,431.5,2023,3,951746780924539541,11,89207684187,2252,29698163,<NA>,1401,<NA>,01821E,nan,2.28
Xt5yOo5PemZXbpTXO5G,ZwSZpY3Ex3IXA3c3xVk,079951211574568380,14,20220122,4,nan,<NA>,83.2,2023,3,103086785525136611,2,28756458656,1041,57052057,<NA>,9991,<NA>,O,nan,1.06
ZB0xWqdoYzZE2Cz5jVP,ADV0hGRVJQtmFrl0ROO,362694424064431060,15,20240221,3,228342234515063021,2,127.2,2022,3,824181517961777905,14,54434344007,410,85421375,<NA>,1301,<NA>,32811,nan,3.48
o8bYIYVMns2QheoSocT,kH4C8nnstAENAjPwR4k,902074190588086351,15,20230902,3,975210865906831096,<NA>,97.9,2023,3,030364103285219890,5,43323331684,805,07842567,<NA>,1401,<NA>,32820A,nan,2.6
PdFB1C7HrllUd6eTFTQ,OBo14qQwiJyrk3Yrvwp,101537893295650165,14,20200308,5,nan,<NA>,97.9,2021,3,905218185137706898,6,12560816035,540,71292374,20210305,1600,<NA>,01821E,nan,2.55
HjA3RY3ruPNnXzslSkt,Lu8pfdSjZMpAMFxbg4u,377656473720778333,14,20250625,1,258847211106808122,<NA>,75.8,2021,3,416531755190143859,12,09239308370,1916,39862150,20241013,1801,<NA>,O,nan,1.18
nhAUsw2VNUGzbuZ2Ix1,N58nXACgMgArwQQMxGU,666853841144895065,14,20190115,3,041241280264244916,<NA>,161.0,2022,3,122676216678514270,16,09080546591,1941,78056400,<NA>,1301,<NA>,O,nan,1.37
RizzpGxvSa7LaUAkihd,SYezFFOP3HpCRvREcpt,434181062651270551,15,20190525,5,nan,10,902.8,2020,3,492235097528763248,6,42887985962,1305,50435152,<NA>,1801,<NA>,32881,nan,1.92
0IIOAg6lAUkXf2otZiU,1lqT49CQH19gohXLgyX,546678794586305708,0,20230902,3,201146315578972029,<NA>,73.4,2021,3,488177661297039621,13,62590365456,1238,47946544,20200906,1301,<NA>,O,nan,1.57
HjA3RY3ruPNnXzslSkt,Lu8pfdSjZMpAMFxbg4u,252218838014083339,15,20191027,4,489335386709788437,11,25.6,2021,3,424996319358642166,5,28675970317,204,39862150,<NA>,1301,<NA>,01920,nan,2.61
2CSAEtyPiTDDVOYvazX,XGg70l2PClHbveAVsZa,006224168563032577,14,20240207,3,nan,<NA>,797.7,2020,3,787630800258230390,1,97577319144,2139,27901068,<NA>,1801,<NA>,01920E,nan,1.73
pMDn1XMBXXBZzJcHXee,RDfO3GWbmPxnGqVpll2,545737952680385634,27,20250302,4,874778112584488505,<NA>,224.0,2023,3,876157434461415865,3,68888556218,2343,58264744,<NA>,1801,<NA>,32811E,nan,2.2
lCmYIp6q6eigLvBYIqq,lItB256nyOl59KscFdz,566183506067631638,15,20200207,4,nan,2,150.7,2023,3,802013938467565516,3,27176168868,1107,58146917,<NA>,1401,<NA>,O,nan,2.38
SCMeCrqAnMHVmVIQfsQ,8UlkQzG8SHcpm05NDH1,428778951454497126,16,20240613,4,nan,4,105.0,2022,3,124229523215081478,13,74664774459,1532,23786110,20200111,9305,<NA>,O,nan,1.07
dETL9bOhlV8R5Pk8vly,GV2FObM7Qg2juJ7MWY8,272207279890614094,62,20190321,4,143888292260311916,<NA>,714.8,2021,3,841981324630246710,5,62678735480,1951,44122195,<NA>,1600,<NA>,O,nan,2.37
y9xGr3ujx4lRzheHOGh,1JE6LLlXk0Py59qJHGU,074018005929085725,27,20221028,1,nan,2,259.9,2020,3,666909747836044090,5,06787422873,2249,58271158,<NA>,1801,<NA>,32881,nan,3.32
KvUOw1vxX1NA7qKzEDa,LpuwWxGvI5NwKPVt1cs,820028020988560591,27,20230227,4,nan,<NA>,249.3,2023,3,571683005245167773,2,94617354807,2051,83657523,<NA>,1801,<NA>,01821B,nan,2.61
ZNoOjzxmWyMiDZeWts5,CIoWcGfYsijcmvcXjrc,186519718744591569,30,20230227,3,948442896854070202,<NA>,2830.2,2022,3,402269506656930292,9,99649122503,618,88997304,<NA>,1301,<NA>,O,nan,1.54
ocNsYwcXkAczMwHqbA8,cYK0VmeYwAvdZo6Vvsq,168343003565478808,27,20220120,4,231737964313259235,11,58.5,2023,3,656805008105462109,9,74381861628,328,06313669,<NA>,1301,<NA>,01920B,nan,1.83
mgvUnh1FBR46Lh6bdbZ,BHg9lPkQfjE4yQfEsqW,792768597658713281,42,20230122,1,181570753192310968,13,651.0,2022,3,861559802829828192,3,26681431163,1815,19470658,<NA>,300,<NA>,01920E,nan,2.12
6nTKlbqkjwdXhAslibH,fKnJI2VXJjapGsGqIg2,329178551662292627,15,20200106,5,nan,<NA>,112.1,2023,3,154448361359703439,1,53910514399,52,24320516,<NA>,1301,<NA>,32811B,nan,1.95
WUelWbriuz4JcXSqlWF,gs0eK7Bj5xVmDE1Vzyz,088115099828733978,42,20210907,4,nan,<NA>,900.2,2021,3,832691636357875582,17,36705290923,1603,99200984,<NA>,1317,<NA>,O,nan,2.95
WkVOEsZhh6VqtHNbbTQ,a8EtQyc9ntkdA66BbJa,314743488329916180,15,20240320,5,924915020161811305,<NA>,164.8,2022,3,274413712002638142,2,71370129290,1815,40113436,20221101,1801,<NA>,32881A,nan,1.42
bIVtD6sXAoYFdIxTHvg,br2v7mjtFwa57H8ialF,160578596942300513,27,20211212,4,739991517306505504,17,178.1,2023,3,978094211791930662,17,59549486021,131,43200481,20200512,1600,<NA>,01920,nan,1.29
RPHU3EOcRw97pwgl2E3,jvrZb5yX8g4EJwATHIs,259689263608338785,15,20220524,1,nan,6,654.2,2023,3,535910755344342983,9,98210033390,2246,64748690,<NA>,1301,<NA>,01821E,nan,1.37
4bCglFCjTtG6u7rePTk,Sombt01hspebPWZI2Um,936205413416682171,15,20230712,2,764355628289697094,1,1442.4,2022,3,524359096059778257,10,93602998915,1205,26390705,<NA>,1600,<NA>,32811E,nan,1.18
4bCglFCjTtG6u7rePTk,Sombt01hspebPWZI2Um,984167624047117445,15,20230320,3,187202917494381913,17,178.1,2022,3,718443648307953367,4,93602998915,2231,26390705,<NA>,2200,<NA>,32820A,nan,2.79
ggtSz9WKPf7VyUhjfLi,Qa2Zi91Tpr7bGtMqYRL,149803760466260659,42,20200410,3,159265032337477860,<NA>,133.8,2021,3,479846167513057458,16,45442668352,131,73685108,20210802,1401,<NA>,32811,nan,1.69
ebqCfrgCkUT01RkPDSz,WQ39N8O9QwXiNZCO9dp,709710427768005386,14,20230705,3,nan,<NA>,68.3,2022,3,245328280885109557,11,33269980446,420,22593995,<NA>,1801,<NA>,01920A,nan,2.64
OeDflSvDJBu9qjgmshI,HD4YxAyO8CTL1uiOs72,823649848374515367,27,20240524,3,nan,5,100.4,2021,3,988843163931268832,11,89576237286,1156,27441074,<NA>,601,<NA>,32811A,nan,1.84
P5FehadGKCHm2mvGpCC,kkP3zmzqHkIuthAX3KP,360959732896228006,0,20240312,3,nan,14,959.4,2022,3,877275185038479511,11,85939318623,2139,45647399,20200909,9306,<NA>,32811E,nan,1.9
G4qEAoLq0ujGcglWdoo,3v4CWLUtxRHK56xCFhe,302863265765999746,42,20220509,4,910970224403981872,<NA>,238.5,2021,3,033541967879593241,8,97382640348,928,73830612,<NA>,2300,<NA>,01920B,nan,2.25
apOBmBF2P3A9jlFucdP,VmA0GmWwZoA4GM5gslI,100973315463845771,21,20210307,3,247230443932280325,<NA>,979.8,2023,3,071890194440363340,6,67009882359,1243,57843697,<NA>,1401,<NA>,O,nan,1.65
MoZ6EJgmIt7PAhd8Zfa,pG35goLNlu95hbMn0OI,158825069724286164,14,20230207,3,nan,<NA>,448.3,2023,3,179366005090050298,11,64476685977,2246,83575405,<NA>,1314,<NA>,O,nan,2.58
jXuNFbyUli8DwabOokr,0WGgWZWqM2nkYMwLZc3,638246857927261104,27,20220919,4,766416270359793110,14,341.4,2022,3,778864718374621139,2,52242487457,2343,09913846,<NA>,1401,<NA>,O,nan,1.54
ZLiV4yFa3KceGBAMUAo,1ssNZ7JyQKAhnQu5Hfv,473465101035590823,0,20220811,4,nan,<NA>,224.0,2023,3,011876419323125336,2,42037599917,2031,23799374,<NA>,1301,<NA>,32820A,nan,3.12
9YIKhSrFuRpbQcOJrBj,rlIlwcfLsGbd1pBC7lm,574577490964699090,27,20210329,5,395857456497752136,11,32.7,2023,3,523378642115193264,13,60830572252,846,46798489,<NA>,1600,<NA>,O,nan,3.15
QDL0vX6C2ZnrUTqRwL6,a1k4WeS8WK71hJSH82z,421699249468624107,14,20231120,4,909497688940793901,8,127.2,2021,3,813854704599117998,13,11712789944,914,74545349,20201018,9305,<NA>,32820B,nan,1.46
aHY9KcZO8BjR9WbYiQZ,LAbYcycw3ptLkFs87Bg,685749583266254833,27,20231028,3,515259948541452036,8,215.8,2021,3,972424161084819547,2,95730240052,626,76771189,<NA>,1301,<NA>,O,nan,3.33
P4fsOSNkZLY8Tl71kX2,Y8X57FfNHtHyhElDY1Z,543729916954294177,43,20220716,4,253108472628164068,15,50.0,2022,3,186397460397980587,10,48522978083,644,99119960,<NA>,1401,<NA>,32811B,nan,2.97
UbbzUzVFvlDMQzgdVpy,0XNRQ9LxvzRxBFciyP9,733274694999512264,42,20200923,5,207411761229112057,<NA>,201.2,2022,3,816744647915663743,11,99963345779,912,25903565,20210430,1600,<NA>,O,nan,1.53
8eyK8jTwUzF1HrapJWH,JSZcHsuwiuzqZb7xaTh,365416651854936142,14,20200908,3,nan,13,204.3,2022,3,352667690963172721,3,30550310498,1521,46843439,<NA>,1318,<NA>,01921,nan,2.89
Q3giqLcRr4sDZNlXhO2,2Ejk3khTRA4T4UeBXcg,488593612123012623,27,20190925,5,220411127692276828,5,4053.6,2019,3,610114301470013753,11,72227067280,1847,60129181,<NA>,9306,<NA>,O,nan,1.2
mFb6Wldog5TvxSGiMzf,buZorFJFpvG9tsXTn4a,262895496770592892,15,20230113,3,804995283820358802,<NA>,174.1,2023,3,086587883170993849,11,23533189288,1122,73238902,<NA>,1600,<NA>,O,nan,3.08
HSMDNNjX5jPJDl3qo3o,nP6SH6DLYX9NNjKybok,218357152229465525,15,20240114,3,226537003082969917,<NA>,241.1,2022,3,368835548118139600,11,97200433022,1032,58888998,<NA>,1801,<NA>,01920B,nan,1.16
WuNmd0KcghzoHSyAwEo,wUbjQAPfWS2C2FOlCxu,517711825371881914,71,20250920,4,842112769684206992,13,54.2,2022,3,012925996330727117,9,59767070476,731,66766255,20210430,1401,<NA>,32820A,nan,1.05
YlTs4cFTbR578HA2fJo,KOX5KXKB2A1vGBxh7lt,826530646173420954,27,20190207,2,nan,<NA>,220.2,2022,3,861147699315310818,7,21085508600,2318,32607291,<NA>,1301,<NA>,01821B,nan,2.08
Y5RdbLTX4P2GUXnhssx,dpR7T0MlKiVPKSpvZsH,403661875469958725,14,20230830,4,000747808291830518,<NA>,85.6,2022,3,400388805787531827,7,50517418578,1114,00310458,<NA>,1401,<NA>,32820B,nan,2.91
kKzAgc6e6DlyikvSFzd,iWC7jRlL7GFTfWLfY0L,120026153650647409,15,20240821,3,nan,17,230.7,2021,3,260171145164929288,12,95866434670,1342,60737035,<NA>,1312,<NA>,32820E,nan,3.33
13meYVuRsvopIGqPc0G,3hZXFdSpm6qYgHSnKJx,282769636957539476,0,20250613,3,658332808272851199,11,97.9,2023,3,543801769225733299,17,07165336994,356,74402477,20220521,1401,<NA>,01921B,nan,2.47
4UEKOX79XKtNK61Ut51,2sPWhIRBVl0PfaOm9s2,348822746939266925,18,20200923,5,664356267851616099,2,37.2,2020,3,590909025427752252,6,12597342111,245,39926022,<NA>,1301,<NA>,01920A,nan,1.12
fpWk4QcS6eP2Z8e29Bh,srmI5NLSMCGfHnTzlfO,649004362403889309,15,20250512,4,844447477937232696,2,71.0,2023,3,821232303125289943,11,41954198458,717,67750141,<NA>,1301,<NA>,O,nan,2.49
xkUaKT3eCGDp185b8ls,kiDKiUEekLnbykzwPrZ,287276993962957779,64,20251003,4,078749060230759084,13,231.7,2023,3,310308382023022512,9,47290621172,2306,56552611,20250608,1401,<NA>,O,nan,2.69
AQ09gaIBgpRGfNWF490,nKfyWIg88Cs11jzPOKW,035384048898597662,14,20210916,1,nan,12,161.0,2021,3,364949539382004533,5,56416428004,2219,39519448,<NA>,9991,<NA>,01821E,nan,2.87
ahdRgcDAQteLoGfNMf4,lVbtIJ2zjdScuWjs7IP,809877722462841754,0,20240806,3,nan,15,168.8,2023,3,720763154008224548,13,03642281539,1627,86918883,<NA>,1301,<NA>,32881A,nan,1.12
GG8SV8Zw2bxBpIBrqGe,RLWVK2NauXUEOhCBIDF,616822458123651305,15,20220414,4,279612075452578806,8,549.0,2023,3,852446609148160063,11,18004481084,305,72652722,20210802,1301,<NA>,01821E,nan,1.79
kc0w8dxveDNEm20kyki,zZclGaViTwwfh8lp8K6,490737534255153981,14,20210618,3,803805061096706877,17,133.2,2020,3,782637234458780166,4,95322009560,2139,37227199,<NA>,1401,<NA>,O,nan,2.54
pKTwGCOqjEc0ZpxzvUc,mPxiwQgmrLQUyVN8hkC,299910558861194871,14,20250422,5,026434168201548156,<NA>,112.6,2021,3,582385633135229675,11,10350585027,1151,67913274,<NA>,1600,<NA>,01920A,nan,1.84
1rxbHUKL77JlDriFq9t,Wd5B1jxhUl9nVV2fDhE,518593170379061907,15,20250815,1,nan,6,204.1,2021,3,486372786266039508,5,70056798160,2211,97540235,20230830,1801,<NA>,32811,nan,2.82
1N2ONfbDPKOFq5DW4Li,7cKs4zFxApZnscPb41e,895653924600560486,27,20240613,4,nan,<NA>,421.1,2023,3,251433046378221451,14,32425936937,655,71520913,<NA>,9991,<NA>,O,nan,3.39
E9m3FHhMf6uvyfiM9ar,lmMypcIww7mBV6zvyQ7,206319850888574839,34,20200425,4,nan,<NA>,214.5,2022,3,631406274491447975,14,44225769885,35,20643406,<NA>,1401,<NA>,32811A,nan,2.43
7JVyOw6Eu7eVnKuS3Vn,dTJye4DZ56S9uu3g3MZ,580002846254017242,14,20240324,4,nan,<NA>,38.0,2022,3,673543969852451903,6,68898756442,2258,37937913,<NA>,1401,<NA>,32811E,nan,2.37
2XzX1O8CW7v1dsLsG6r,Sg4d5DQnftXpm5u6TvB,086324480792085886,14,20230122,4,nan,<NA>,1761.1,2020,3,097059667414745597,2,17193428226,122,78654069,<NA>,1401,<NA>,O,nan,1.12
XQfHuGyrp6ip5H68VS6,2gANpoLn2PgurEFHAvy,684728956463256364,0,20220122,3,896356139648286414,4,162.3,2023,3,597171237409893471,5,34402045140,626,57237631,<NA>,1600,<NA>,32811E,nan,1.74
Y0ngm5HiJJF2thy1YPM,nCBSTlEKz9aFKNN4gHn,374053387956654735,42,20241227,4,nan,10,144.6,2020,3,414641115666160779,4,18928372692,744,24065771,20230519,1301,<NA>,O,nan,2.19
Bukbz6LPZTMDEY5fzqj,jjRz81ipTwzzWpsU9gD,983979156919310706,27,20250925,5,nan,8,683.3,2022,3,243683633852099059,2,82446599619,128,02877020,<NA>,1301,<NA>,O,nan,2.33
8s2fC8f85WDwbHnJ1X2,bvmJPmViqfXQMoP6vnz,717245469644658156,14,20211012,3,nan,14,37.2,2023,3,822921213825098521,4,02743363858,2318,94552592,<NA>,1600,<NA>,32820E,nan,2.17
ZNoOjzxmWyMiDZeWts5,CIoWcGfYsijcmvcXjrc,243543494525397810,27,20201115,4,198278638780158717,11,150.8,2022,3,736301045997263257,10,99649122503,442,88997304,<NA>,1401,<NA>,32881B,nan,1.29
dCUaFVa4z0mW9ODmfvB,17DQEAMAEaxHYo5eY6p,447426241568148115,14,20201126,5,nan,<NA>,440.6,2022,3,828331393437929831,11,43945085831,2013,83245793,<NA>,1401,<NA>,01920A,nan,2.48
n0sdIvmbG9Z0eU9Nmjt,anRfyaCex6njC3BnQAI,786652123845261403,40,20220313,4,nan,4,98.2,2022,3,633784471313920923,16,22718724600,1232,91144568,20230121,1401,<NA>,01920B,nan,1.29
HfI40GimcDea06pdemJ,kZ3fuVHQmzISTclJ8BF,135165049938241367,60,20200711,4,nan,2,38.0,2019,3,717584058058582582,11,35027783169,1607,85623340,<NA>,1801,<NA>,O,nan,1.18
WDMJHlw5Cjk1GYPyUAp,ncTTYa3twjdOjcb7eZ7,058312115208143380,0,20250613,4,nan,12,997.0,2022,3,134983670425125928,2,18456561401,1709,71789156,<NA>,1301,<NA>,32811B,06,1.88
hZE8Zft0XgMLoPAtZ9E,IsvVYKWKjpWr4aqtD2M,914518617077148857,14,20210126,3,nan,2,249.5,2022,3,014226332170679249,2,74077293500,2031,55449201,<NA>,1401,<NA>,O,nan,1.54
UW2tQ77r7AojOrSDazi,FIgRwBKzSIJlzWCSlYV,733872774969971725,27,20230712,3,nan,<NA>,217.7,2021,3,611777641473784744,4,06950570928,1906,59913995,<NA>,1600,<NA>,32811,nan,1.04
pqfzpgXE6c0yoUZft0W,zCmmBOuiwg8oCbO7Llo,520485502468685816,71,20220112,2,411391485328259970,5,4053.6,2023,3,931246901999960032,11,87134906512,1425,05364343,<NA>,1600,<NA>,O,nan,1.31
Zao1KSiBu8bNT6aSiR9,NbxKCqzy8pWJ654Lj21,408246766376106935,15,20211215,5,nan,9,147.0,2022,3,460732529158964725,5,50952484233,559,66959692,<NA>,1801,<NA>,O,nan,1.06
dcbWbEw8vywaCA3HMfc,JsG5fuZHBvlKDnv0sx8,293012795438143613,0,20210613,5,nan,2,81.8,2022,3,681519850269632640,7,45880086778,406,47748838,<NA>,1301,<NA>,O,nan,1.57
ocNsYwcXkAczMwHqbA8,cYK0VmeYwAvdZo6Vvsq,816949966712195044,14,20240511,5,005194622550983511,17,248.4,2023,3,780083008786387889,13,74381861628,1430,06313669,<NA>,1301,<NA>,32820,nan,2.93
jtH1vc3yQivaAPC3uAJ,PAQ2z7jk4jtT0sKowZt,498216861867912171,43,20190111,5,nan,3,73.4,2020,3,910302371044466221,2,32073307605,1803,29122619,<NA>,1600,<NA>,32820B,nan,2.88
mjUec34wHf1QQaQ4Fbt,kp6cFrmcetX9LDDl95F,150125545007026486,84,20240418,5,626648166517881202,<NA>,378.2,2022,3,312901577554244920,17,08167232766,2313,28447750,<NA>,1600,<NA>,32811E,nan,2.11
xAGKVXWX9sF6Ft7SoWb,wud2G9J9YGhABcRNUIW,463323719853807469,15,20250520,4,208459189868023390,11,220.2,2023,3,898137478786991856,2,64715571363,26,06625778,<NA>,1600,<NA>,O,nan,2.38
pngI5IUOaryLGve2kNp,Y9q7zTN6V5C3R3AGbBE,329036607883035546,0,20190324,4,598180848224416616,<NA>,129.8,2022,3,132806668805173427,12,18784794679,356,07529874,<NA>,1600,<NA>,O,nan,3.08
eXMky2sUb75ePEsxT9k,7YTkcpvColZaDnv9Pti,222122634780355349,27,20251105,5,nan,5,35.1,2022,3,672933087448765356,12,15783229521,947,01560090,<NA>,1600,<NA>,32820E,nan,3.11
3dtMS56KnfEwpGc5Ais,omYLanBuMUHbJf95Qdr,206332977739594639,27,20220524,5,nan,17,246.4,2023,3,265435567255805592,11,01864400575,2150,94992766,<NA>,1301,<NA>,O,nan,2.96
5gEWklSVs0KWUJxzZzA,nGeqw9dwfzKgv0NmJ11,352370193625032252,15,20200711,5,303796087112991193,4,204.1,2021,3,819121805692501930,5,95338887939,2144,75147662,<NA>,1600,<NA>,O,nan,1.26
sa7ULyE1FCOqEGBkWXF,dKT3DbDkyMKaYJJoBEn,328227298015730541,15,20240915,4,568008289725218348,<NA>,129.8,2022,3,439771461334545648,14,24113229317,36,78276863,<NA>,1301,<NA>,O,nan,2.74
CCMTwnhZtv8CoFuwIcb,PCKsV7kHz89wKGCh3lf,549323927117883713,42,20200515,4,nan,<NA>,301.8,2023,3,569392055212557592,2,32001723269,2144,78620274,<NA>,2200,<NA>,32811,nan,3.04
TihaNwq9yOTjJKhmfIT,A9AwKpSjEjSFsDBaOdT,501626705329398323,15,20200519,1,939304419559890407,11,64.1,2023,3,480570138334779766,16,83916425237,1439,92366869,20220521,701,<NA>,01920A,nan,2.73
WDMJHlw5Cjk1GYPyUAp,ncTTYa3twjdOjcb7eZ7,227663177642667264,42,20190807,3,nan,11,510.5,2022,3,545847585108770091,5,18456561401,705,71789156,<NA>,1301,<NA>,O,nan,3.14
ggtSz9WKPf7VyUhjfLi,Qa2Zi91Tpr7bGtMqYRL,036448034458904710,54,20211012,1,nan,<NA>,985.1,2021,3,750465393738217179,1,45442668352,519,73685108,<NA>,1315,<NA>,32881E,nan,1.27
EIPIY5cQWydx2K5kokd,SnCHyz6ffAlNeGx9vyC,157282214657844332,0,20250223,3,856765099966365309,<NA>,244.4,2022,3,763649318397169345,2,09984214041,442,74418646,<NA>,1401,<NA>,01921E,nan,2.04
reRb1hS2vrzIqtQHaY9,lEHv1URajpMpL98Gljh,173487067945438847,75,20201126,3,nan,<NA>,100.5,2023,3,378189657961814176,5,19022287618,822,94093115,<NA>,1401,<NA>,32881A,nan,1.74
MqSKkPhqssp0sOxb2Zz,uE6wAhMmv4fyCL95bJa,685283168002019752,15,20200803,4,718522769858070095,<NA>,244.4,2023,3,326338957558917883,10,39698602001,1015,09170455,<NA>,1801,<NA>,01920,nan,2.91
ZLiV4yFa3KceGBAMUAo,1ssNZ7JyQKAhnQu5Hfv,677071769412757792,0,20241121,3,412401211367174736,<NA>,67.1,2023,3,787821451181896300,3,68973401639,2013,23799374,<NA>,1316,<NA>,32881,nan,3.2
Cm41NPOxtV0ULDucuI7,Q7tMX5phpVxOPM8P7WV,740860195570415310,14,20230207,4,nan,<NA>,92.3,2020,3,840856685824944502,7,75913096001,1107,35653867,20240729,1301,<NA>,O,nan,2.67
MSYvgziDWP29YKw54TQ,JImcA0N0ZP26Bz70DjG,745273500751297478,14,20250320,4,nan,<NA>,148.6,2020,3,130442129158206493,6,85678305457,337,73539193,20200707,901,<NA>,32820B,nan,1.91
YebZoKVmp3POTFUcBJr,rpGtwF7PGx0Pq4Gvd6q,117763755009528838,25,20210303,4,159082368600904506,<NA>,131.6,2023,3,315245598341939148,10,41953688436,2219,16555943,<NA>,1301,<NA>,O,nan,2.45
hBq1M9Y9dzDRsYbVDVO,QMo57vo0dkg7IXc14dz,237429056081803818,38,20210805,4,637330461438500706,11,967.1,2023,3,516479667125777930,5,59859020245,2219,88043742,20230402,1801,<NA>,01920E,nan,2.26
KpmBTLdCasYTq7ZfZvs,nyc0SjSo7e91iKaVZ5G,679612221540442950,42,20230222,4,211391788895636733,6,249.5,2023,3,399053827496027989,2,87942821142,1952,54884727,20220606,1301,<NA>,O,nan,2.54
uQ16XckJ7v1WJqcnz3G,Sppv214Q0U0QOT1aVzr,355180248004135163,32,20241214,3,nan,2,120.8,2021,3,403375923462133993,4,00999532563,604,35089713,<NA>,1600,<NA>,01821A,nan,2.39
7YcbpiGqwc70EpA9lxd,aFCDgEQRt7a5LeujiGE,470096883403290285,94,20200615,2,302010157461930036,<NA>,162.3,2023,3,888209323991080755,16,30355036763,1521,77201431,<NA>,1600,<NA>,32820A,nan,1.43
LBj07REX2Ostd9URRkz,4VzFJxpsjqcsR2v4Rbu,719389719770750203,15,20240114,3,nan,14,57.5,2023,3,294471162107544424,10,90411049458,42,84304713,<NA>,1301,<NA>,O,nan,1.5
ZNoOjzxmWyMiDZeWts5,CIoWcGfYsijcmvcXjrc,414792137145887873,42,20231219,4,753898262665724407,<NA>,959.4,2022,3,386815047478395056,15,99649122503,1151,88997304,20230830,1301,<NA>,32881,nan,1.42
PQF6KsfttRsA2EPo0ge,XxO596FwYaCHkJLlMoX,701918900942861071,28,20241121,5,273478379296416609,3,211.3,2022,3,600838472532871511,11,98711835293,1936,73823231,<NA>,1600,<NA>,01821,nan,2.45
fqkJMkT1dQZJvsIgUJa,N4GqKSg8X7neEdvHEix,897662742909575552,14,20220624,4,nan,2,172.9,2021,3,892110914049138462,11,56268242421,1052,53499615,<NA>,1801,<NA>,01821B,nan,2.87
miIpQoJvldLPKehn7Cm,U8aeg0MYkOeET1t7Mor,954086405407899521,27,20241214,4,364432105871794824,13,588.7,2022,3,376989925481016506,15,87277297705,1342,85283336,<NA>,1600,<NA>,01921B,nan,2.0
SIoANt2S61l8m6HPX5D,SquGFmIbjI5WO5MguRa,385781151796047988,14,20190414,5,562492227402999893,5,92.1,2022,3,725427303319667948,2,08108681025,2003,49833310,20250516,1301,<NA>,O,nan,1.36
5b61wboGjbywiL65vT2,fY42bQzkiefiaWXURqx,868775658542456734,14,20190525,2,nan,<NA>,131.6,2022,3,342301506235983729,5,35153586934,754,55720329,<NA>,1301,<NA>,O,nan,2.88
vbbVkLpePUsuwWypmy2,mMZBUe0m88xA6fiOejC,735807795892651352,14,20220323,4,684555863495170246,7,4941.9,2019,3,002157775466238158,5,01371345618,1337,11978137,<NA>,1301,<NA>,01821B,03,2.77
LBj07REX2Ostd9URRkz,4VzFJxpsjqcsR2v4Rbu,993446559832597687,42,20240821,4,613008939496888841,11,226.8,2023,3,427622380982006390,2,90411049458,1147,84304713,<NA>,1600,<NA>,32820A,nan,1.24
mBwDLb9cKuxnahj2FC0,FRyM3NZJyXAaKDIpYlO,111217339209977311,15,20210108,5,935842977029658435,<NA>,66.3,2022,3,366168658054332120,5,25245866814,1650,22108822,20200715,1301,<NA>,01821,nan,3.12
reRb1hS2vrzIqtQHaY9,lEHv1URajpMpL98Gljh,087998621379773292,94,20250208,5,nan,<NA>,249.5,2023,3,259884654294835916,5,13498350094,1011,94093115,<NA>,1801,<NA>,01921B,nan,1.51
jtDov25J613vHOk7BCp,RShdQ8fpoCbdxUsneV8,753733498035229551,79,20230712,3,168361938598975951,4,178.1,2022,3,605525738283419829,3,23646870767,535,44951883,<NA>,1801,<NA>,01920B,nan,1.37
eBYtbz7ABr4DOe9HtRP,4WCTkkFzF8cqrmTGhib,178959463472188248,15,20230615,3,nan,6,1442.4,2021,3,054990092103126707,2,23825034845,1841,31527673,<NA>,2101,<NA>,O,nan,2.04
MpPF5gF9EyTt9kOs7Ts,JyxCCThHVhhDjKhf550,491812006289816432,15,20241008,5,nan,11,208.7,2022,3,438904035933481805,17,40383208560,1924,20804892,20250113,1801,<NA>,01821,nan,3.21
XNaesordWZzmedk1p6u,9YQGZas69zu2KNhkgBu,678168350256984383,42,20200216,4,760848216230414235,<NA>,228.2,2019,3,560908203808959753,17,79306636509,1500,23989640,<NA>,1301,<NA>,O,nan,3.08
jXuNFbyUli8DwabOokr,0WGgWZWqM2nkYMwLZc3,648479221503115698,42,20210916,4,234404431231611087,14,205.9,2022,3,333076473807238749,16,52242487457,1646,09913846,<NA>,1351,<NA>,01920A,nan,1.68
CCd5aljq7xrjIusWXnI,e9lTN5t7nNPpGa7w0TH,051452512839448795,89,20240806,2,185968717305358541,<NA>,1761.1,2019,3,806339714583656072,17,73475502808,1657,13826374,<NA>,1600,<NA>,O,nan,3.46
mf8hVEXFyYk62WmmqjO,1ni4x8NYAK0lE5DXiWZ,613849681251740812,27,20250520,4,186686148517361238,<NA>,161.0,2022,3,400545472844503362,11,96343706068,1004,62052304,<NA>,1801,<NA>,32811E,nan,3.25
Z9fXxJufrJ8Fn9PvdYv,Hg0NI9qo4uXEgg41zWC,847439403709696930,27,20240324,4,813527827917473795,11,3626.7,2020,3,275099355918062405,11,61656807759,1823,01994595,20201215,1600,<NA>,O,nan,3.11
5L2W7lVVzm7AzZvuqxg,NyMn2s9YebxAFWIKJY7,451702443252582656,28,20220816,5,718262668720677950,1,44.5,2022,3,275967353465229076,11,81291807776,2132,42687495,20250725,1401,<NA>,32820,nan,2.22
apOBmBF2P3A9jlFucdP,VmA0GmWwZoA4GM5gslI,952577516058984170,0,20241207,3,348338884729731838,<NA>,129.8,2023,3,279832690704290245,3,67009882359,350,57843697,<NA>,2601,<NA>,32881E,nan,1.31
0KYQw6f6PkHenRkD0mh,VrsxrMGJ0N875lfjdox,410817815530239825,38,20251225,3,nan,9,561.9,2023,3,759833888218517391,3,82676727043,255,65640553,<NA>,1401,<NA>,32820B,nan,3.29
E9m3FHhMf6uvyfiM9ar,lmMypcIww7mBV6zvyQ7,278411495708184990,0,20240114,4,nan,13,151.3,2022,3,144231842552947620,17,44225769885,1646,20643406,20210305,1315,<NA>,O,nan,2.18
Bov59544ygvqQUPmpax,JHG5iuwNxWFVdwQSsQ8,934099276486925784,42,20230816,4,698214188035323218,2,83.2,2022,3,223617476014300927,2,18818753289,2031,75777467,<NA>,1600,<NA>,32811B,nan,2.54
92smLGALhZb3ZCJPnLb,7tlxM8AB6Wcn8WPZsQv,471577627113825119,16,20250609,2,939850320423622667,<NA>,54.2,2021,3,847239668088894878,3,54391440365,514,92924829,<NA>,1600,<NA>,32881E,nan,3.04
5hZbuQeHNGtCoVz37RI,M4smxZNkyvFmlvMBEB5,847553710604381921,34,20230131,5,599983237254244915,13,57.5,2021,3,994357440008069065,11,35321616095,838,03676889,<NA>,1600,<NA>,01821,nan,2.17
Wzkc9FOkU04NsYxooTW,SaJ8D2ug1GPAfAHAglv,071522651343885931,27,20230523,5,374577205647427535,<NA>,112.6,2023,3,186871194033403946,2,77880432104,2051,67897487,<NA>,1600,<NA>,32811B,nan,1.97
cFWfIA4TEgBbr2ZL3zN,IhxldO6DuNvzrjmeyEb,983846388334128895,14,20250910,5,662805569950640646,14,214.5,2019,3,835986500315354747,11,79687257937,604,41857460,<NA>,1801,<NA>,32881E,nan,2.01
84KohFIfNBJUqGKzAm3,d8Nl3hxIIip5l2v3eCP,589872974225170308,14,20210517,3,nan,17,240.2,2021,3,029437583695290908,9,27708449392,1004,89355670,<NA>,1301,<NA>,32820E,nan,2.74
84KohFIfNBJUqGKzAm3,d8Nl3hxIIip5l2v3eCP,200094956416568125,94,20211012,4,nan,5,484.3,2021,3,205604095249421311,6,27708449392,1351,89355670,20200814,300,<NA>,32881E,nan,2.58
iJyfLJvHOMt1At89y9s,rk7YgGDSm0N7628kWla,068594319781809310,14,20191204,4,nan,11,105.0,2022,3,203959959775521221,7,75215740699,647,04120172,<NA>,1301,<NA>,01821B,nan,3.48
SyxD9itGJc2LavoCUEt,AHAZ0fSGgCDExe4XyX9,783450003587073769,27,20210708,3,385291463363365879,5,456.1,2023,3,793262782882477459,2,83901779079,2058,07458822,<NA>,1801,<NA>,O,nan,2.41
GjJvbQYz5fY067wNx1E,1B1YiH0C6j790hmHnwx,141532777804662841,15,20210530,1,231405850942687952,9,25.8,2020,3,888810624357003658,11,83548492650,2337,57174939,20190221,1401,<NA>,32811B,nan,1.23
UKBnyfOhhFfQL5vWwRM,P42CL4fIBlboUxNMiII,281228210891911700,38,20210126,5,nan,2,97.9,2019,3,008176336282723953,11,99726169084,156,43067303,20190928,1301,<NA>,01821A,nan,3.43
IlUfcyQ0uhDZLvoe8ND,X7f1AF1e9bXLMHqZt0K,439455828564654539,14,20240320,4,219184942887113838,12,409.4,2023,3,780297695633255092,9,90583513375,2009,87820067,<NA>,1801,<NA>,01821B,nan,2.26
mYP4HfPatFnsg0reeKM,51nIYmmAa7lpsKX9xeO,502786792232889653,14,20230815,5,974869063647246551,<NA>,231.7,2023,3,737029533077067370,8,03527482782,18,51552666,<NA>,1301,<NA>,32811A,nan,3.35
BBfbcgcrOrhYpSyBHkT,RgHdM0zkmuObt5RG4cs,386534955789705859,27,20220414,4,425139709953514854,<NA>,202.8,2019,3,410888562425260633,11,51425592232,947,48850081,<NA>,9305,<NA>,O,nan,2.45
ZPxiBXrP61hJ9vMafjW,F5meF9fQm9PH4MsZwte,609789168277135235,15,20210427,4,nan,11,4314.6,2022,3,790998739874437902,2,45590923627,1147,03238640,<NA>,1801,<NA>,01821E,nan,2.8
arbhzupCWRWHUxioeHd,DtWBlzOiolvffr0PQ4v,772373436251748572,14,20191027,3,924472283683653319,<NA>,201.2,2023,3,034028827378696864,14,80233688618,2318,68594233,20190928,1801,<NA>,32811E,nan,2.4
kpKYwtQOC1x6U9Siio4,IQYzAuqWe2ep6NmO3Xf,224486733558272580,15,20191208,3,nan,<NA>,25.8,2021,3,463789808964883065,5,26681240607,4,88734727,<NA>,1600,<NA>,32881B,nan,3.2
XNaesordWZzmedk1p6u,9YQGZas69zu2KNhkgBu,207622342989481150,71,20240603,2,002539272729129636,<NA>,378.2,2019,3,444796944774908843,14,79306636509,156,23989640,20190405,1801,<NA>,O,nan,1.69
J2HVw0gQCcoJ8QPVfQB,0cu83UuqWjrzmJA9oSH,135749400433370179,17,20191226,4,nan,2,124.5,2021,3,945655366930967713,11,09990526708,2105,52747693,<NA>,1311,<NA>,32820B,nan,3.32
En2grFemKZ0uLoG8sz5,ys1swh7cO3cTT2uEMSi,161649979102682674,42,20240821,4,nan,11,70.5,2020,3,405303814865934875,11,77589329046,1328,51616935,<NA>,1600,<NA>,O,nan,2.67
SaxdnI3TCsmjs1vBbvu,Fm4hoFtJL8P9ONFGD0N,532087518759739201,15,20250202,2,606517535258041215,11,112.1,2023,3,329695872089003564,11,28751896648,1242,91923528,<NA>,1801,<NA>,32820,nan,2.83
34p6qulsP0zV6Z6ll7L,mCGUmxCyhr2FGO1Vp48,414243260517364402,15,20251105,4,nan,<NA>,198.9,2022,3,166936328870062701,11,63977225806,1350,13920402,<NA>,401,<NA>,O,nan,2.64
urwgK0gkkRINfx3UUPF,zEiQyuHzZELHcEVoAlT,229027195367069800,14,20190207,3,086721773178471661,<NA>,81.8,2020,3,181263127793324859,11,82226037548,52,63958587,<NA>,1401,<NA>,O,nan,1.65
Ih77euj0NIo34ZHaf7x,w5nthq5eee2XHrsWMOh,417562597178686247,23,20190618,4,376497936453341788,13,147.0,2022,3,453745762673403593,5,02749341231,1122,45857387,<NA>,1600,<NA>,32820B,nan,2.31
mBwDLb9cKuxnahj2FC0,FRyM3NZJyXAaKDIpYlO,270885941787151419,88,20240915,5,617100023666756001,12,214.5,2022,3,429070981074555611,5,98710331355,2225,22108822,<NA>,1801,<NA>,32820B,nan,3.25
34p6qulsP0zV6Z6ll7L,mCGUmxCyhr2FGO1Vp48,234884216835938861,15,20231017,3,nan,<NA>,167.7,2022,3,275623495216464915,14,63977225806,1327,13920402,<NA>,1801,<NA>,O,nan,1.56
8nCdg4QV6FfBIQUZwGd,hVEleKhAIYzoOtnRL1r,217196560665705135,15,20250722,2,996276347087399298,2,484.3,2021,3,318222638011956859,9,56997721647,1114,37781248,<NA>,1801,<NA>,01821,nan,2.46
Iabwwgj38jg7KO0T6iU,hrW0I2c3sTNuzOvZl9Z,979869167825781174,27,20240915,4,888440530588968688,<NA>,137.6,2021,3,707113772593638252,9,10994352192,135,58304385,<NA>,2001,<NA>,O,nan,2.35
YebZoKVmp3POTFUcBJr,rpGtwF7PGx0Pq4Gvd6q,636629365368117584,14,20220414,4,nan,3,94.6,2023,3,160225992973897412,5,21239939065,551,16555943,<NA>,1301,<NA>,01821B,nan,3.28
32yhIyvtNUA3WZYj5bE,iVTUZepu51lQYdWHZIl,859252854715423370,62,20251115,1,nan,<NA>,180.2,2021,3,260213963233311044,11,92102677258,410,49819812,<NA>,1318,<NA>,O,nan,1.86
SThGHXNw1sA96nmfHod,rH2LwBy7BF9tm2AbQ0E,558713846173126291,14,20201012,4,577737518589494540,8,65.0,2020,3,221465810764292267,14,93444106758,731,01314725,<NA>,1801,<NA>,32811A,nan,1.86
0KYQw6f6PkHenRkD0mh,VrsxrMGJ0N875lfjdox,493681931095470683,32,20210708,4,nan,<NA>,103.3,2023,3,310372108457425809,11,18283599998,2306,65640553,<NA>,1600,<NA>,32820A,nan,1.88
8aVXDW3eCOVYqBT1BOL,3IKadaBNK5nmRl25BLc,749148589990967512,15,20250831,4,nan,15,900.2,2020,3,483710866017234219,17,54843633259,754,69640505,<NA>,2001,<NA>,01921E,nan,2.22
zQLeTBOzSCtnHrL8udp,uoEofCum8oOueqaNbuX,886851713010811897,14,20210805,5,502779859241775375,11,143.2,2023,3,933381223899754576,11,69161109269,1932,51925398,<NA>,1301,<NA>,01821A,nan,1.6
0q8VJSFhhjGsQ4TeCuq,pIAK14uim8mAPmJlvIE,324295814086676232,15,20200818,5,934921096084269419,7,126.6,2021,3,687129764436840050,11,97361408684,559,28748086,<NA>,1801,<NA>,32811A,nan,1.73
9YIKhSrFuRpbQcOJrBj,rlIlwcfLsGbd1pBC7lm,217132789641270465,68,20230511,3,849587271650776593,14,202.8,2023,3,040050567237946480,2,36598694642,2318,46798489,<NA>,1301,<NA>,32811,nan,1.79
80GJrT2gZzAyahI3hGh,xYgADfys60jMdqQF2uX,790398850003463757,42,20250129,4,876773353807680912,<NA>,208.4,2022,3,056043130958652269,5,80277182835,2122,01085179,<NA>,1401,<NA>,O,nan,1.48
ebqCfrgCkUT01RkPDSz,WQ39N8O9QwXiNZCO9dp,740720448597003772,27,20231219,3,nan,5,241.1,2022,3,856187261818921450,9,33269980446,2343,22593995,<NA>,1401,<NA>,01921E,nan,3.07
rDguPKx7EYhjVPKr2iA,esWB8UzGAmVtcmiRFYb,935550309719888483,37,20240111,4,nan,10,2889.0,2023,3,334927969608773035,9,67774262386,2211,77532034,20190405,9306,<NA>,01921,nan,3.37
b4ujHgRhSpH1HZpSO9b,JwW5F029Mn2AN1YeYMh,581745485284452656,42,20250408,5,661870282262324305,<NA>,102.2,2023,3,837240690927076904,14,92769929091,1947,39898039,<NA>,2200,<NA>,01921A,nan,3.08
mgvUnh1FBR46Lh6bdbZ,BHg9lPkQfjE4yQfEsqW,907201911952411250,27,20240724,4,nan,<NA>,150.7,2022,3,765261870987135176,11,33823198189,1737,19470658,<NA>,1801,<NA>,32820,nan,2.5
GG8SV8Zw2bxBpIBrqGe,RLWVK2NauXUEOhCBIDF,724025271055593191,27,20190115,5,206176585110991187,<NA>,2545.5,2023,3,447511045874821497,11,63613794943,928,72652722,<NA>,1600,<NA>,01821,nan,2.84
6nTKlbqkjwdXhAslibH,fKnJI2VXJjapGsGqIg2,353609853535367008,27,20230830,3,889054082495174495,16,115.1,2023,3,304911296156016427,8,92985696790,249,24320516,<NA>,2001,<NA>,O,nan,3.18
5L2W7lVVzm7AzZvuqxg,NyMn2s9YebxAFWIKJY7,913494695613964372,27,20190420,4,600526320441658442,9,235.1,2022,3,280644889243699049,13,81291807776,4,42687495,<NA>,1401,<NA>,32811A,nan,2.53
cNTq3msQww0jGfmgGNO,bqTVRqBfiT4ZL50w6Na,934878209667016417,46,20230615,5,nan,6,109.6,2021,3,741994959907231249,11,54040137187,148,64764530,<NA>,1801,<NA>,01921,nan,1.85
xQ9HAEPLbDXMx2YFjHK,TOmCJxldbEBzEjLn1UD,452067231982166284,15,20250910,4,549522027157194026,2,941.1,2023,3,653753650239277778,6,77766213978,42,36327616,<NA>,1600,<NA>,01920E,nan,1.61
skz97XkfGZyycoVDiDo,CWEw4fdtnEuxM3PgVVv,297151297522778497,15,20211115,4,nan,12,4314.6,2022,3,590106733077233613,5,79590186414,1822,92069224,<NA>,2701,<NA>,01921A,nan,1.36
PMTArVIbsE3ZtogfgFm,MmAsnKWjHQ5ugFtWEI4,978455788232263236,42,20220313,3,nan,11,259.9,2022,3,534500108254362673,11,96052105854,833,25200689,<NA>,1301,<NA>,O,nan,1.53
s78CuVt4STTA2A9wuq0,KuMEhZF9VwZ3xIbGwXu,942500736297591145,27,20241121,4,nan,15,2545.5,2022,3,475427206020684218,5,06392698962,1430,09416641,<NA>,1600,<NA>,01921E,nan,1.29
anpWXATld2900Xxr5Qx,2IjwFY5DqZxIztb1q1n,239726465567305174,14,20220210,4,nan,<NA>,224.9,2019,3,232494027913555689,10,07621584999,559,18043000,<NA>,1301,<NA>,32881A,nan,2.36
JXkRsgXyeOLR8KVkobJ,QMvW7IsWts9RFb0tuI7,828012130326875837,14,20220128,5,078139462685088571,3,210.6,2021,3,885422057912595915,6,91933354311,532,44349151,<NA>,9305,<NA>,01921B,nan,1.27
O45SXtb950sMWJRWfTp,X8o5TpoI9lV5NFypr61,653555660065155549,14,20250831,4,410370299946442723,12,118.6,2021,3,968180083755019217,9,73542929439,233,98026207,<NA>,1801,<NA>,O,nan,3.08
WDMJHlw5Cjk1GYPyUAp,ncTTYa3twjdOjcb7eZ7,590806900609201709,0,20191204,3,nan,<NA>,137.6,2022,3,263780419597963342,8,18456561401,1122,71789156,<NA>,1801,<NA>,32881A,nan,2.53
zmLF70TfLF0utVC0qDo,tWwLYjhMdu6ExnRkUjA,387374325569179615,50,20191009,3,nan,<NA>,193.7,2022,3,900354925531921473,1,07638311005,1607,36290315,<NA>,1801,<NA>,O,nan,2.94
l3ZNma2iazDpJgDRDIY,95LjuU9YD0ZUmfr25yk,231255143882663265,42,20220323,3,758458288267445488,9,136.6,2021,3,125644634420893146,13,73450853023,1321,23999103,<NA>,1801,<NA>,32811A,nan,2.42
nlsGe2ZlDQAR2HhBG7h,rzesrKaw6vxiPx9p4t7,789480754064176437,42,20230409,5,377988679352702303,9,169.6,2023,3,021836879558677111,2,14081939208,1630,75258496,<NA>,2101,<NA>,01821,nan,1.26
14gpZpepkkBjfOjgLhE,iXtRoAlvy8hZ4OZImty,452596364997493291,15,20250302,3,nan,<NA>,98.4,2019,3,569568604399825229,9,50335540763,2306,63424497,<NA>,1316,<NA>,32820B,nan,3.36
mjUec34wHf1QQaQ4Fbt,kp6cFrmcetX9LDDl95F,365606712628966615,42,20201108,4,360227392751127221,2,484.3,2022,3,055455025952794489,14,77237944861,1627,28447750,<NA>,1801,<NA>,32881E,nan,1.39
sa7ULyE1FCOqEGBkWXF,dKT3DbDkyMKaYJJoBEn,893737609758844504,14,20190706,3,nan,11,4314.6,2022,3,000175318031396943,17,88286143725,1516,78276863,<NA>,1600,<NA>,O,nan,2.69
mYP4HfPatFnsg0reeKM,51nIYmmAa7lpsKX9xeO,731575733686645939,15,20190618,4,305245396868316453,2,948.9,2023,3,919796172802346551,11,20505434527,1256,51552666,<NA>,1401,<NA>,32820E,nan,3.18
WkVOEsZhh6VqtHNbbTQ,a8EtQyc9ntkdA66BbJa,139892658619035838,58,20210307,4,970304602048874481,<NA>,64.1,2022,3,595022999419625221,6,71370129290,1747,40113436,20220521,1801,<NA>,01821B,nan,2.89
kc0w8dxveDNEm20kyki,zZclGaViTwwfh8lp8K6,956469082497850946,42,20231128,4,034458975649592975,8,65.0,2020,3,322471131531465677,9,47039738152,1221,37227199,<NA>,1600,<NA>,32820,nan,2.8
FwdIc82tLOZDJxLDR6L,PH1bAnBpXWOTB4499V8,125084086183011123,76,20200321,4,nan,<NA>,235.1,2022,3,257561561293470146,2,81355668747,2304,34540334,<NA>,1600,<NA>,32881B,nan,3.29
P0EsIj0OHAFduX2JNtL,50IbbKwV1n7wo1mYN7K,303997720268685215,49,20240915,4,nan,10,673.0,2023,3,529892114034501513,6,81883230069,914,79295369,<NA>,1316,<NA>,01920B,nan,2.44
FwdIc82tLOZDJxLDR6L,PH1bAnBpXWOTB4499V8,593089461183010039,0,20190420,4,nan,<NA>,2659.5,2022,3,587150972264811322,9,81355668747,1555,34540334,<NA>,601,<NA>,O,nan,2.26
v2BoIDKCFqKe7qb3HDp,8w5hRGXsvlIrTjcZXso,110026540650930641,27,20211212,4,653503249849014588,<NA>,147.0,2020,3,699645793849236572,9,92944308973,618,65550861,<NA>,1401,<NA>,32881,nan,1.36
1N2ONfbDPKOFq5DW4Li,7cKs4zFxApZnscPb41e,485346579723680075,14,20231012,4,nan,<NA>,151.3,2023,3,172307376601565563,11,30373846694,647,71520913,<NA>,1600,<NA>,01821,nan,2.08
9YIKhSrFuRpbQcOJrBj,rlIlwcfLsGbd1pBC7lm,219222653205512447,0,20240213,4,892654495642751738,<NA>,105.0,2023,3,566653325018342067,5,60830572252,1342,46798489,<NA>,1401,<NA>,O,nan,1.07
WpVX9BhkPquv1UvuDZu,WXNGhlBaKFuvlaQDJiu,734707319124859028,0,20220919,4,526828236383061958,<NA>,614.4,2021,3,163156877368645670,9,03232693285,540,56468335,<NA>,1600,<NA>,O,nan,2.83
zSnCgJobOOdymwyIrUW,oNaiNS01B1nbHbgbEKt,943935381856416763,42,20250625,4,nan,13,87.2,2021,3,085044506143109950,5,85720339498,1932,70527089,<NA>,901,<NA>,01821E,06,1.68
r8VGZ2DmFncRN4fX3FW,lG7Ln83wDwov8blJys5,857295746272005057,15,20200216,1,532523076726982516,12,27.8,2023,3,350533905206289688,2,69635346240,333,48644198,<NA>,1801,<NA>,O,nan,2.01
Wzkc9FOkU04NsYxooTW,SaJ8D2ug1GPAfAHAglv,133670207707235430,10,20200329,1,nan,2,143.2,2023,3,435553924166981206,2,73990848064,2117,67897487,<NA>,1600,<NA>,01920,nan,2.66
Ng8seYOY0Mde1oOxrsp,e5Xuv7kLdcVPurSnFfw,096818434560903815,42,20200321,2,nan,<NA>,197.3,2023,3,161696256933068468,11,96182455707,822,35930473,<NA>,1600,<NA>,O,nan,1.51
WHoBpbLIaychYrRNjVZ,1LhrH0YPSmCVM7zJTPa,163467758304898203,14,20231219,5,nan,<NA>,90.4,2023,3,103351012438891846,11,01366254590,754,79377703,<NA>,1401,<NA>,O,03,3.33
2ZAjNXCRzCOHcgQv3hB,hTjdefiKEfyHpzAnNSR,745558906030696601,27,20190427,4,698356498493435545,<NA>,59.1,2022,3,072924021221165303,5,91204483162,914,85732404,20231123,1301,<NA>,32881,nan,1.61
RnAqPXbT7YanpTH3Gcs,2NCiXR4xgwJDeabFDJE,109800800512942032,14,20210607,5,344570369209525245,9,173.9,2021,3,475413229081978771,2,72214822425,1730,78651635,20200707,1801,<NA>,01921B,nan,1.21
uYAs9sYQwj0Ko7YBo9X,PJfvdoPluAYaihBVwNH,018832342941022286,42,20250208,4,nan,<NA>,179.8,2023,3,561790255516503702,14,81793847916,1646,09080419,<NA>,1801,<NA>,32881A,nan,1.98
XyUFqVvaWzHxHB0fn1r,Hqrx6OGmfoZaYf7OeLR,419940268110151615,14,20231009,5,nan,9,219.0,2019,3,536243862350369395,17,66944056625,1825,33222358,<NA>,1401,<NA>,O,nan,3.28
3hxlimxWHWqVRypRbqa,C2RNeCwBDgwzOMBZgv7,925769953880490878,30,20190420,4,022020092727054291,<NA>,590.6,2023,3,060965887236507704,16,75838426680,1754,48551212,<NA>,1801,<NA>,32811,nan,2.44
J2HVw0gQCcoJ8QPVfQB,0cu83UuqWjrzmJA9oSH,954940462443877931,15,20210503,4,nan,11,40.1,2021,3,823705761889364465,11,09990526708,219,52747693,<NA>,1301,<NA>,01821,nan,1.69
BqXPBCK18OSo0Lk0mLA,gtU2jVCWO7uGqhtOowc,819482082327693548,15,20221016,4,nan,<NA>,208.7,2021,3,291417688934713542,5,32054493969,949,47554755,<NA>,1600,<NA>,O,nan,3.39
reRb1hS2vrzIqtQHaY9,lEHv1URajpMpL98Gljh,984757053309721383,43,20190706,4,nan,<NA>,448.3,2023,3,815019069343158080,2,19022287618,942,94093115,<NA>,1600,<NA>,O,nan,3.33
8Jfmya5Araff6YFuk3h,yiJ593636HLuUlPhGYp,981767326723277639,27,20251105,3,nan,17,396.0,2021,3,597987829503223015,2,97042905495,2013,17164200,<NA>,501,<NA>,32820A,nan,3.13
2LYs2ZLh7WtQM2EPv2c,blbeqmc0HKirsRijv5X,944555958623819947,27,20230409,5,424836367899912866,<NA>,341.4,2023,3,155216979723174402,2,52373103345,1238,05315437,<NA>,1401,<NA>,01821E,nan,2.53
Q3giqLcRr4sDZNlXhO2,2Ejk3khTRA4T4UeBXcg,929478347071958281,14,20241207,4,nan,16,561.9,2019,3,693589739984472155,11,72227067280,1040,60129181,<NA>,1401,<NA>,O,nan,1.9
CNTR94ram22QlXh6yIR,31DwqIGFFO7jiQKILog,353422996536974798,14,20201126,4,nan,<NA>,133.8,2022,3,021081849731123302,12,15058797453,1916,32450288,<NA>,1301,<NA>,01920A,nan,1.95
eFQ2zZ1TI4SDBumYngb,4ylA1f8UdgfN2y0AXTl,015506020420790450,97,20230511,2,nan,13,71.0,2019,3,274764643578957485,12,27977676563,204,27698754,<NA>,1301,<NA>,32881,nan,3.01
96E4eF6LhtsMmMKSvTS,05m9zkcoqCGfx0uii9f,099870110248045082,42,20221016,4,553108819013633181,<NA>,219.0,2020,3,143204641685535776,14,93050386705,42,77794750,20220117,1317,<NA>,O,nan,2.99
44k2ZX78C7jIcSb7VoJ,3J3KSQYLujfys1lnhJ4,140305099963174877,89,20250813,3,nan,<NA>,33.8,2023,3,160583021287000518,11,10705975260,1107,75270689,<NA>,1600,<NA>,32811E,nan,3.13
arsKVJLMoE9cSXPq2DH,2AfQ4KY5VJCgwjcuZFw,527709045797106466,15,20251207,4,nan,<NA>,35.1,2023,3,673458533053223101,13,19539901502,1308,37103060,<NA>,1301,<NA>,32881E,nan,3.15
RhWusS9Gh6O6MxlHOIz,XFVMIZcgDSFywxDLqUy,755244524043754801,0,20210805,1,755245716515009507,6,68.3,2022,3,245788667061977528,11,75888773337,1321,10456949,<NA>,1801,<NA>,32811B,nan,1.5
nOl61eKcwq86jrTBV92,sGN5RcYm39MMwM4hceG,256951180500732467,0,20210303,3,nan,<NA>,893.5,2019,3,438335048054853295,5,81011351863,1406,70016797,<NA>,1600,<NA>,01821B,nan,2.6
Gp1QtoHj9621tbEcxew,pFLm3NiuZ9oFBoOAUT1,055255229027912059,14,20231017,4,nan,11,193.7,2022,3,632340481907741386,5,16306781877,949,24760802,<NA>,1314,<NA>,32820,nan,2.55
5hDNp6KRtRNiVQXWoT3,fqrAz3VX8bZ7OUi4whY,975955041972924360,27,20210724,1,958571230711532315,5,27.6,2023,3,568037761459898741,7,22375325213,1841,14006927,<NA>,1801,<NA>,32820E,nan,1.73
oWcjEmEQBweMLFOXNlY,PAgD4C4RS5c48duAJMg,783012891282898230,27,20220210,4,nan,<NA>,153.2,2022,3,557759232036453614,17,98101758060,514,64857870,<NA>,1301,<NA>,O,nan,2.32
kiY1oSQzPWJVgEq27HS,I6E5epjHEc5HAExmqs9,814211902919926809,15,20240207,3,nan,8,3851.0,2022,3,586338918148029271,2,63143174560,204,51116679,<NA>,1801,<NA>,32820E,nan,3.25
WHoBpbLIaychYrRNjVZ,1LhrH0YPSmCVM7zJTPa,029448381364459053,82,20200302,4,nan,<NA>,92.1,2023,3,873363323713941369,2,01366254590,2150,79377703,20210802,1401,<NA>,01821E,nan,2.94
KWym4lRriqFo0fDzElm,XWXvNqGAD99L3faXxSJ,123323919549366783,14,20201029,3,580973464684492835,11,160.0,2023,3,685035926401717894,8,90546472892,1337,66338695,<NA>,1301,<NA>,O,nan,3.29
PUaWEvBo6pzswmq0NGf,BYVltYQxYlQXRzxnOoO,569028876596310862,34,20210309,4,713921912376850238,<NA>,43.7,2022,3,335321851378564037,11,15749657526,1709,41189368,<NA>,1301,<NA>,32811E,nan,3.21
LASMt1zMHCvQMvO47ww,BsHRANhhTQX4eiZGVzQ,528518336219622023,42,20210211,2,563291052252908110,<NA>,3851.0,2021,3,357675591531171413,14,96452462763,551,17916865,<NA>,1001,<NA>,O,nan,3.2
reRb1hS2vrzIqtQHaY9,lEHv1URajpMpL98Gljh,627116167797856598,15,20210907,4,261038955595900614,17,545.3,2023,3,976223674039511955,12,19022287618,1217,94093115,<NA>,1600,<NA>,O,nan,1.16
mBwDLb9cKuxnahj2FC0,FRyM3NZJyXAaKDIpYlO,098135939550686272,42,20201012,3,nan,10,630.3,2022,3,291069395546535909,9,98710331355,532,22108822,<NA>,9305,<NA>,32881A,nan,1.7
nhAUsw2VNUGzbuZ2Ix1,N58nXACgMgArwQQMxGU,184752037269018102,15,20250512,5,nan,<NA>,334.4,2022,3,819387286966866181,7,09080546591,1147,78056400,<NA>,1600,<NA>,01921B,nan,2.39
jQ1z6eR3EDbatPrh9Y5,9nabIz4sEFdw3a3QFyL,697816565881449093,27,20220929,5,566098107913573818,<NA>,606.2,2023,3,201662764306808147,11,58245014365,2102,67676611,<NA>,901,<NA>,32881E,nan,1.83
hZLz4mXPSUgH7tZ34lI,lfzAFz4F0Z2a398gkrc,273387870958868139,37,20210411,3,nan,2,211.3,2022,3,358437887758972862,7,77631635361,332,79800503,<NA>,9307,<NA>,32820E,nan,2.29
3ZHFsCXweWy0wU5B8v1,BA7hcKRYbTFOuDrOY6K,136984623227812825,15,20211226,4,nan,11,224.0,2021,3,441224350255520692,11,79904827950,1122,23697303,<NA>,1801,<NA>,01921B,nan,2.55
1wHRCnAtoJXRbqDPwOJ,pXjrk8mfpQ3laYtC8dg,326008519757180534,14,20210218,5,072945852188834696,<NA>,27.6,2023,3,966035000863899920,15,38036473448,514,78731156,<NA>,1301,<NA>,32811,nan,3.35
BjhscJL8OAFwNaEtGhz,GDXZx8ShiuIKMmoL49Z,728764118279672889,15,20200605,4,255518874777663162,2,116.9,2023,3,403927376025341049,11,46500127217,1758,54402371,<NA>,1401,<NA>,O,nan,2.75
s6lYMYgswfqOmXkfDJT,Q7uUHZyaTyfWdScNhX6,446200063632922574,95,20200106,4,nan,<NA>,61.2,2023,3,295393616456607775,5,66041144666,1622,79561571,<NA>,1318,<NA>,O,nan,1.92
V6P1qGgeNnrseryJbze,PBWwL40PjVg7puVh59w,287712850151470877,14,20200207,3,nan,5,67.1,2023,3,963415960304024740,12,97457385856,2219,37846627,<NA>,1600,<NA>,01920,nan,3.41
1wHRCnAtoJXRbqDPwOJ,pXjrk8mfpQ3laYtC8dg,748046035243691143,14,20210708,4,436673805035484752,13,43.7,2023,3,849758459290351116,13,40753471369,255,78731156,<NA>,1600,<NA>,01821A,nan,2.01
pK4TjOtLnknAaDImX9z,UIo9FvGtiaEGogT6nbH,519894294968091311,42,20210607,3,231339935246505739,5,525.6,2023,3,117709217085746992,11,46556412931,1245,22550256,<NA>,1401,<NA>,01921,nan,2.8
reRb1hS2vrzIqtQHaY9,lEHv1URajpMpL98Gljh,461717693215611775,15,20250625,2,926984571716619365,1,985.1,2023,3,246655558976191567,14,13498350094,919,94093115,<NA>,1801,<NA>,32881A,nan,1.85
Xt5yOo5PemZXbpTXO5G,ZwSZpY3Ex3IXA3c3xVk,150811907959038422,26,20220816,3,nan,<NA>,215.8,2023,3,366852489610948265,6,14617161663,24,57052057,<NA>,1301,<NA>,O,nan,3.43
4UEKOX79XKtNK61Ut51,2sPWhIRBVl0PfaOm9s2,396125022166124672,14,20231017,4,nan,<NA>,56.7,2020,3,824691449725776895,2,12597342111,442,39926022,<NA>,1301,<NA>,01920B,nan,2.75
P0EsIj0OHAFduX2JNtL,50IbbKwV1n7wo1mYN7K,154806083907636517,14,20190807,5,nan,<NA>,58.5,2023,3,596880133838769065,3,81883230069,1015,79295369,20220117,1401,<NA>,O,nan,2.08
JMzBFFMug7GTBS5oQ5j,ZBjGvOrIL5L3UBfrXmz,445957783507235099,81,20220929,3,668265072641170358,<NA>,902.8,2023,3,311908035000119910,2,64013701596,1712,19354503,<NA>,1600,<NA>,O,nan,2.61
P0EsIj0OHAFduX2JNtL,50IbbKwV1n7wo1mYN7K,290795811356911673,40,20230922,4,618445838709635809,5,53.4,2023,3,137934995764558907,11,81883230069,2105,79295369,<NA>,1801,<NA>,O,nan,2.8
13BI56bUP3GT9sHkFGw,x0Bs3IHFvzRO8mhdKHT,900467669491422696,15,20220929,5,nan,7,53.4,2022,3,877183903449092604,1,64575068981,414,79321429,<NA>,1314,<NA>,O,nan,3.11
yHp3VSeUzWt0pFearSn,lgpgIADb0MSHIezQt2N,724086822047000248,42,20200329,3,855574967841769447,12,997.0,2023,3,816410812279256330,5,23520103682,849,99186672,<NA>,1600,<NA>,01821A,nan,2.35
zFkiquBeS5ZyM7jx0nJ,W5Ewt8fSufe1TsERt8U,976342270493173285,22,20190316,1,nan,2,385.7,2023,3,596634986542729983,11,23765531028,1342,71204161,20241217,1600,<NA>,O,nan,1.18
voIMuSuBDQHHJwB2yMf,A2Rcw4th8FCCq1WMOLv,006332052093683815,15,20231116,3,196319878524418518,14,147.0,2023,3,958856515273662560,2,54947463816,1532,48301852,<NA>,1301,<NA>,01821A,nan,2.25
rGb4dfWL8pskqQftyPk,9k3XzN1F1gFdN5U39GA,726180964617091064,15,20250713,4,056522158008864061,14,53.4,2021,3,124419902928445817,3,67961799631,427,71284546,<NA>,1600,<NA>,32811,nan,2.56
rGb4dfWL8pskqQftyPk,9k3XzN1F1gFdN5U39GA,022976316990138850,14,20250831,4,nan,3,33.8,2021,3,134715986834874098,2,98731504256,11,71284546,20250113,1301,<NA>,01921E,nan,2.49
e6zZXBpwXZ7JwEQaliz,UxCokFU6JsnG1SDYtMQ,232674936168984032,42,20250129,5,nan,<NA>,37.2,2019,3,247346089142432016,5,34260887099,102,78270891,20200909,1401,<NA>,O,nan,2.48
jR1LNhAun6kGOwCnqTQ,WK1xi8lJBzSr1DaOBNj,982991843718015498,14,20240213,3,798434181513703862,15,781.6,2021,3,494456856684393090,11,83316966279,1221,13823001,<NA>,1401,<NA>,01821A,nan,2.6
84KohFIfNBJUqGKzAm3,d8Nl3hxIIip5l2v3eCP,917554320361874105,15,20190321,4,967861923115916097,<NA>,215.8,2021,3,417090238610436146,2,27708449392,2031,89355670,<NA>,601,<NA>,32881B,nan,3.46
Lw6f0mbFscxCdgiK9pk,MFMSTK8qZdXfSfYz67x,015846448365373342,27,20200216,4,nan,<NA>,606.2,2020,3,448768324408366470,3,05906077665,2304,17296245,<NA>,1301,<NA>,O,nan,1.03
WDMJHlw5Cjk1GYPyUAp,ncTTYa3twjdOjcb7eZ7,264214373925795913,11,20210724,3,913165567879686240,<NA>,171.1,2022,3,906535856061441222,2,18456561401,1550,71789156,<NA>,1600,<NA>,01920A,nan,2.98
iJyfLJvHOMt1At89y9s,rk7YgGDSm0N7628kWla,239623864721453558,14,20240417,5,153652407589057119,9,217.7,2022,3,785566487443555413,3,29214266398,1114,04120172,20231123,1301,<NA>,O,nan,1.48
s78CuVt4STTA2A9wuq0,KuMEhZF9VwZ3xIbGwXu,022257331513934495,27,20211012,3,192786165893302936,11,224.9,2022,3,825534688321161067,12,06392698962,1804,09416641,<NA>,1401,<NA>,01821E,nan,1.1
45D046DUttNcAkNY5s9,wlVGKczkrP3vd3rgorY,629049266655581090,15,20210411,4,595955475389008928,8,742.2,2022,3,667348296508022993,5,59150775337,1452,35695919,<NA>,2701,<NA>,01921E,nan,2.86
K9WpV5LHvnl3KuBcMDG,lxxLKFmRxytpktO0C3F,502054743270505968,61,20251207,5,730349941489909448,14,87.2,2020,3,313949750451697454,4,09902920399,1532,50336192,<NA>,801,<NA>,O,nan,1.98
mYP4HfPatFnsg0reeKM,51nIYmmAa7lpsKX9xeO,285884648846937996,14,20250813,1,nan,<NA>,204.1,2023,3,837124534458491737,7,20505434527,1730,51552666,<NA>,1600,<NA>,O,nan,1.56
ZB2Sz5zMBlKyJwPmblR,yOlQQJXp31b7SZ2pXsL,548571390323652772,14,20210503,1,nan,<NA>,150.7,2023,3,129980644831641559,11,53129290686,1351,97807631,<NA>,801,<NA>,32820,nan,2.37
hO6OhxKwaGDg41pW923,9dsyfhNfXoZy2AA1MFH,117341993300591466,10,20210114,5,735888138221390058,<NA>,853.3,2022,3,245053804552300651,8,40776920492,1406,25222808,<NA>,1801,<NA>,O,nan,2.74
jr0jASQBQ2mXhpHCNep,etp6wvDTQt5FOeCFDw4,433491234951126251,15,20190321,4,866682459246325838,<NA>,40.1,2022,3,954963491937034575,16,06354130007,601,81230059,<NA>,1301,<NA>,01821,nan,3.33
l3ZNma2iazDpJgDRDIY,95LjuU9YD0ZUmfr25yk,761528547371052683,75,20230816,2,080624493425832033,14,341.4,2021,3,730896337227772286,2,18749544082,919,23999103,<NA>,1600,<NA>,01920B,nan,1.84
TBWOjGFctdB2Aq1zaHm,wSwQ9xW2kAVMUcKYcZh,364657121012903514,42,20250327,5,nan,12,4941.9,2020,3,508634223542234889,14,76580584246,805,95926683,20201215,1600,<NA>,32811,nan,3.04
1U5OY8pxcCRmjZL08qT,ns37HetJ2DedQl6Dz2o,176165287628333817,95,20210411,3,979973306566290222,<NA>,224.9,2019,3,073444117093286601,10,51961066271,1737,95089517,<NA>,1401,<NA>,O,nan,1.92
lCmYIp6q6eigLvBYIqq,lItB256nyOl59KscFdz,694453504463198232,27,20201107,3,nan,12,854.1,2023,3,246910109704203108,16,60654064708,822,58146917,<NA>,1600,<NA>,01821E,nan,2.22
QCqvVtS2RIBxAkl9DOM,fMEDRHUXFNgmYuTgFRF,929539874319131737,42,20250815,3,826247993027976438,17,171.1,2020,3,671804341812919134,11,04901547030,305,13927426,<NA>,1600,<NA>,32811,nan,1.09
1VQ7CRG9XOhb7TYr9hb,BbwalRfRCRID7rp40GW,796639991415169226,79,20201029,4,nan,16,179.8,2019,3,453264240449096203,5,38644418188,424,07572275,<NA>,1301,<NA>,32881A,nan,1.23
zFkiquBeS5ZyM7jx0nJ,W5Ewt8fSufe1TsERt8U,714325942141415378,42,20221028,3,nan,2,259.9,2023,3,208034385056002063,12,23765531028,1650,71204161,<NA>,1301,<NA>,01821,nan,1.1
P0EsIj0OHAFduX2JNtL,50IbbKwV1n7wo1mYN7K,968347089410783406,27,20201119,3,405701741382635877,16,202.5,2023,3,641555680136056004,14,81883230069,754,79295369,<NA>,1801,<NA>,01821B,nan,2.88
RXuXwmDWIpUVlqxZon5,IjH5iobkWPPBgdvdvUe,540062892878843506,15,20200308,4,nan,3,27.6,2023,3,437414220648606920,14,58959343468,1657,97546953,<NA>,1401,<NA>,01920,nan,1.49
8IwpKKg2SxeeCwG5UfV,wZlU1bPvBk4TprBFkg4,381858977773336214,15,20220426,3,056978478077821807,<NA>,180.2,2022,3,366609958083231418,5,35386194530,1500,24225385,<NA>,1401,<NA>,01920E,nan,1.02
aoxXkEMYo01nL0THa4R,JNQGnH8h9pxsPMJr4c0,492233497023435766,15,20230320,3,770506684134822370,6,941.1,2023,3,173946182144283391,2,98046005061,2139,25795273,20240403,1801,<NA>,32881E,nan,3.46
OYwY4Qo91cNxV2goBzT,lr3xLNArOfYtfm7KONE,338833570508813177,15,20230610,1,nan,<NA>,236.4,2023,3,123326561530373025,4,87692487311,1550,17271567,<NA>,1600,<NA>,32811A,nan,2.87
PcbHnHyLCyGtJOLi4UD,TDjVX5QRAm03dLBQq4X,791695915395482856,62,20241207,3,nan,<NA>,158.5,2022,3,381979515092545368,5,67189071363,1245,89502789,<NA>,1301,<NA>,O,nan,3.47
kc0w8dxveDNEm20kyki,zZclGaViTwwfh8lp8K6,745408437103554038,56,20200410,3,205428437135103155,15,127.2,2020,3,622337626228149462,4,95322009560,930,37227199,<NA>,1801,<NA>,32881A,nan,1.86
hBq1M9Y9dzDRsYbVDVO,QMo57vo0dkg7IXc14dz,318611644756621709,0,20201108,2,nan,16,102.2,2023,3,618508379113591681,9,59859020245,2102,88043742,20200906,1600,<NA>,01921E,nan,1.2
OZpkfmxxAXVphgF48gN,MJINXzH8P2wB5kmKxWB,510522800634903629,97,20220120,4,252773818472922363,6,171.1,2023,3,570253905886092170,6,50347987643,1804,01900034,<NA>,1401,<NA>,O,nan,2.31
qwvrumJc7cuAdFKes7I,IVwgpGoASJOYIWzINSj,128316665103731050,27,20250223,2,979219976273360687,2,241.1,2022,3,152281277123272777,9,32333648802,849,14113802,<NA>,1600,<NA>,O,nan,2.33
eBYtbz7ABr4DOe9HtRP,4WCTkkFzF8cqrmTGhib,549698371830617142,15,20190613,3,nan,8,941.1,2021,3,385018489088439260,11,23825034845,2327,31527673,<NA>,1301,<NA>,32820,04,2.25
M7IFuVZHwbpywH7kNpm,ulptr57TSpZFTE6XHLa,413324327160763772,14,20230909,5,080399903869165618,5,854.1,2022,3,537611319803894874,11,63591324181,944,24651139,<NA>,1401,<NA>,O,nan,2.22
wwoPxGTZsfSof6w2rPO,lTVwO7fpxeewknNBbOI,544185980051532960,14,20220811,5,992974631633985276,13,545.3,2023,3,273498952668625821,17,89406780524,2252,01559264,<NA>,2601,<NA>,O,nan,1.28
8WHvyLQ0qpvoM6gQ1IL,emeg9xZKAvlbq7WXzEd,608290694126553780,14,20210813,5,778287434621808032,<NA>,561.9,2023,3,376664497947635610,17,59445501519,2003,08619891,<NA>,701,<NA>,O,nan,1.23
DVwsjAfhlUZrHoze4A4,S0RjZL0fHLaBPS4rUaz,371033122398641546,75,20210309,3,nan,5,440.6,2023,3,843937456848745879,11,25600510246,219,45228716,<NA>,1801,<NA>,32881A,nan,2.52
ZB2Sz5zMBlKyJwPmblR,yOlQQJXp31b7SZ2pXsL,706854965658707407,15,20220807,1,377399360158443534,11,208.7,2023,3,039106873760473339,6,60712882674,1607,97807631,20190207,1301,<NA>,O,nan,2.72
rpID03klDzbJTHzpvqS,KEWFCpdIKwdM6jPTAd6,646067222049737728,27,20240613,4,274337014172470960,<NA>,96.2,2021,3,358704497597135923,5,03512595169,1722,67901595,20190221,1600,<NA>,32811E,nan,3.28
ajnuLqeVUGNTRUujxv0,lqKtNE93UTON9l6CZ0T,597669331354300610,15,20230106,4,nan,<NA>,241.1,2021,3,589302306526780131,8,57523823914,2329,20810407,<NA>,1600,<NA>,O,nan,3.13
hO6OhxKwaGDg41pW923,9dsyfhNfXoZy2AA1MFH,978440631275343026,14,20200410,4,nan,<NA>,109.6,2022,3,129469794309629739,4,40776920492,2110,25222808,20250725,1801,<NA>,O,nan,1.7
Gp1QtoHj9621tbEcxew,pFLm3NiuZ9oFBoOAUT1,335375933823710393,14,20250729,2,nan,11,154.4,2022,3,166172866587192243,11,57047701021,808,24760802,<NA>,701,<NA>,O,nan,2.91
jQ1z6eR3EDbatPrh9Y5,9nabIz4sEFdw3a3QFyL,637076072359219293,49,20220509,3,nan,11,37.2,2023,3,004900699053174538,14,53403399840,2252,67676611,<NA>,1401,<NA>,32881B,nan,1.18
ayIKSR8qDyNvCqvaEWc,CNedMnxFNDp9erBr3ws,095962813789698209,42,20200906,4,180388680083469980,2,249.3,2019,3,987876778647429089,9,99448623908,420,97231729,<NA>,1801,<NA>,01821E,nan,1.68
MpPF5gF9EyTt9kOs7Ts,JyxCCThHVhhDjKhf550,591522551916033888,15,20220222,3,480477090269041409,4,197.3,2022,3,184926238157573158,15,40383208560,1452,20804892,<NA>,1301,<NA>,32881E,nan,2.46
DVwsjAfhlUZrHoze4A4,S0RjZL0fHLaBPS4rUaz,896865973845059825,14,20210517,4,nan,<NA>,985.1,2023,3,087455039671496630,14,09650574770,255,45228716,<NA>,1401,<NA>,01821E,nan,3.38
quDtXfQVuDCSAX166nf,alhTAXv39EOC3k8DqHi,609279912495890411,14,20200719,3,nan,5,139.9,2022,3,305764230506322060,10,80467506735,1952,21502623,<NA>,9305,<NA>,01921A,nan,3.38
Cm41NPOxtV0ULDucuI7,Q7tMX5phpVxOPM8P7WV,297115268249366345,27,20220414,4,538722736774979805,4,107.9,2020,3,336351559608635221,13,51544644768,1205,35653867,<NA>,1801,<NA>,O,nan,2.63
vllSgcJWNl6fZgZ08ct,w8iPfEp5BPOfyNxwGY7,488041016062594471,0,20240524,5,206513388969511029,<NA>,913.3,2022,3,759343290466197629,11,31270948891,1815,69052701,<NA>,1401,<NA>,01821E,nan,2.45
IyKZEp4ouA0339hCgOE,wls1FMGbQAOjRPmWma0,301716346036286614,14,20191208,3,723730920758760832,11,2659.5,2021,3,902722099532503791,17,03913370420,731,21635172,<NA>,1401,<NA>,O,nan,2.48
SIoANt2S61l8m6HPX5D,SquGFmIbjI5WO5MguRa,041089656330971020,14,20230317,5,nan,<NA>,902.8,2022,3,121576112112284475,2,23498903664,1919,49833310,<NA>,1301,<NA>,01821,nan,2.11
1b2RsGUz5CCrxVsMSiR,lBriZOBSsgoZyjGyP66,332155705203717823,14,20201211,4,nan,13,98.2,2021,3,398396625317712840,5,24104405564,2249,43792204,<NA>,1801,<NA>,01920A,nan,2.45
XqlssNxUJrUwNEbQHCJ,RYTkfOLLHaFolIE2PYp,247511211456285659,13,20240130,3,nan,2,158.5,2022,3,586099359765101988,11,80473109590,1430,31299270,<NA>,2300,<NA>,O,nan,1.83
TXu0JgKGXSz9S4THs25,KLrVbkdskrnKy7exnrW,449880778319661281,27,20210618,5,nan,<NA>,114.8,2019,3,430606087187780074,2,71213673739,616,58898231,<NA>,2101,<NA>,01920A,nan,3.43
K9WpV5LHvnl3KuBcMDG,lxxLKFmRxytpktO0C3F,208323684038612245,15,20191014,4,nan,6,29.8,2020,3,807454633266110699,1,09902920399,1638,50336192,<NA>,1401,<NA>,01920,nan,1.45
Nrzkw2Ym21JuQtn7spr,zAgbEBubAbgYwmqGygE,260127614741609130,15,20230909,3,733943950441457637,14,32.7,2023,3,173276016065510110,12,15404966410,2001,15659047,<NA>,9307,<NA>,32881A,nan,2.56
0mT24Ol0o8WipKoUrXu,ysNCRSNrshx49UMSWUQ,494297898342965379,42,20230518,3,nan,14,118.6,2021,3,626625567223434171,14,71245504866,2150,14925484,<NA>,1401,<NA>,01821B,nan,2.08
FKAv9Q0SdxwKqFtVmbz,C7Y2MgVZnzXDY9Je7Dv,366792599576749459,86,20230815,3,065328789769408024,15,84.1,2022,3,644031064405810206,2,42704679126,148,24306539,<NA>,1801,<NA>,32820B,nan,1.26
PMTArVIbsE3ZtogfgFm,MmAsnKWjHQ5ugFtWEI4,041941649146673844,27,20210329,3,922735865679547852,<NA>,614.4,2022,3,504607648360966368,11,38135610581,2347,25200689,<NA>,1600,<NA>,32881E,nan,2.51
8WHvyLQ0qpvoM6gQ1IL,emeg9xZKAvlbq7WXzEd,235211329876847751,42,20241227,5,nan,<NA>,56.7,2023,3,273597476930404059,11,26327610049,1321,08619891,<NA>,1801,<NA>,32881,nan,2.77
hTpIdh2tSehMO7Kzy4u,HMzpvyftqnSxGl5EB8u,672202526035939557,14,20240114,4,nan,11,180.2,2021,3,085659383819214440,2,16591562616,1052,54005082,<NA>,1801,<NA>,O,nan,1.21
0KYQw6f6PkHenRkD0mh,VrsxrMGJ0N875lfjdox,026924041193165701,14,20210329,4,503766279238281245,2,525.6,2023,3,266557789638859379,11,90840889881,458,65640553,<NA>,1317,<NA>,01921B,nan,1.43
OWsOt0Jd7XRAOInkgQ1,YEXUNNxn4QgAvrwtvDO,810957077154351668,60,20220614,3,781805805350465595,5,167.4,2022,3,990828345631910032,12,69368387905,1217,41837893,<NA>,1801,<NA>,32811A,nan,2.94
qKMSHpNEREjE3hxMVWf,dFUUmOqujAYIWM27T94,400059056137422930,14,20241008,4,440707127593297737,14,139.0,2023,3,387336810434443789,11,19647834821,1302,38408997,<NA>,1600,<NA>,32811A,nan,1.34
1kS8wt4MkdxBon5iOtz,hDZDHbsqlJLAZrkjWId,104064794650399622,27,20220128,4,942659850620521415,<NA>,779.6,2022,3,931402196659812217,2,81125042643,731,68297534,<NA>,1801,<NA>,32811A,nan,2.74
jr0jASQBQ2mXhpHCNep,etp6wvDTQt5FOeCFDw4,773680795587042290,27,20201015,3,nan,<NA>,127.8,2022,3,423853540522577100,11,77999209383,1314,81230059,<NA>,2001,<NA>,01821E,nan,1.99
Gp1QtoHj9621tbEcxew,pFLm3NiuZ9oFBoOAUT1,344677000854495039,15,20200410,2,859336132909547137,5,112.1,2022,3,007091043502555169,11,16306781877,1742,24760802,<NA>,1600,<NA>,32881B,nan,1.35
lC8K5SUBsfQwrf9wGzJ,waybjlr4Rw3zVtFnrcO,265245509725275264,0,20190523,5,nan,<NA>,819.7,2022,3,700594599975344512,17,03053513579,122,12261453,<NA>,1301,<NA>,01921,nan,3.0
mjs0QbYsyUnQ3gnI2w1,vbxnCwxB8t18Xsfy1KZ,747544174427199872,14,20190305,5,nan,<NA>,893.5,2021,3,487172846898042960,11,02740539146,1452,41304369,20190221,1600,<NA>,O,nan,2.64
PFtKsrA2rr37NEOKDJz,srKJGeu3SZHwSk8Cdbw,921808724367765054,14,20211215,4,620900785095663024,2,421.1,2023,3,815265633747307810,11,58312030134,1638,61671699,20191014,1317,<NA>,O,nan,1.5
TXu0JgKGXSz9S4THs25,KLrVbkdskrnKy7exnrW,748723633635785640,42,20250103,4,276109160186197477,6,143.2,2019,3,656913426825969256,17,08283124548,1804,58898231,<NA>,1401,<NA>,32811A,nan,3.31
6KFsqkVl6Nkyzdovt1c,a7BmNcTF5ZDz80QAbov,363510071680114154,82,20201107,4,488890986049848311,11,588.7,2022,3,773987227898293203,10,72013141530,1858,29056270,<NA>,1318,<NA>,32820E,nan,3.25
48u4N069P7uOg9mfVqf,JwNNQkRmLjAP7H1B2nt,976496114211691434,15,20231219,3,978866931992020918,2,230.7,2023,3,002765249084517876,11,08762683490,2009,95722521,<NA>,1301,<NA>,32811B,nan,2.52
RSAco01TW1mUISomgLv,Bd3SAzVo7ToWpJbUMUU,493570073839586218,14,20250609,3,779716267817113781,<NA>,204.3,2023,3,695686685682093689,5,22560710157,808,26852392,<NA>,1401,<NA>,O,nan,2.01
J2HVw0gQCcoJ8QPVfQB,0cu83UuqWjrzmJA9oSH,776774383928422141,42,20221206,3,nan,<NA>,781.6,2021,3,331378861629313737,10,57943657773,1032,52747693,<NA>,300,<NA>,O,nan,1.42
SThGHXNw1sA96nmfHod,rH2LwBy7BF9tm2AbQ0E,634684663599786390,14,20230511,3,776233874908442585,14,43.5,2020,3,454586092571396266,6,93444106758,2058,01314725,<NA>,1401,<NA>,O,nan,2.35
dnAoOrKUNiY3ifrroCj,7ZqzLrr5TOqhnYKykcb,851616682307188737,64,20220515,4,nan,13,448.3,2023,3,548749614098747558,2,52149599629,102,01097420,<NA>,1801,<NA>,32811E,nan,2.99
qWUWqTxMnrdERp9TlCf,E9heqYUCUGG5Z88XA2R,310767609513041292,27,20191118,3,196144140407450931,2,96.2,2022,3,307444130176605159,9,05194731982,2144,96252851,20200222,1315,<NA>,32820E,nan,1.85
2GxXWYaLet0slwRwSj6,1dAk9ljhKJHyqUSdNtb,870536782363514991,14,20250713,2,356933988138125320,4,129.8,2021,3,473689341263489571,11,30182830572,156,59916396,<NA>,1315,<NA>,32881A,nan,1.14
8WHvyLQ0qpvoM6gQ1IL,emeg9xZKAvlbq7WXzEd,134214177870861257,14,20211115,3,172920731867799910,5,44.5,2023,3,432426372524344979,7,26327610049,500,08619891,<NA>,1313,<NA>,32820B,nan,3.33
1bCXWuIBi2DLSEKj9lJ,uF6LswsZlsB8WiYLN53,278379784633792915,14,20251119,4,204354059346090333,<NA>,214.5,2021,3,051964928967747888,11,44975374078,427,84609435,<NA>,1312,<NA>,O,nan,2.78
J2HVw0gQCcoJ8QPVfQB,0cu83UuqWjrzmJA9oSH,645682343987907516,14,20220414,5,241848693554627962,3,440.3,2021,3,438504638165505233,9,76947043522,2211,52747693,<NA>,1401,<NA>,O,nan,2.52
AS5SORJNTRV2XAOnYpP,31Raq7GmyJFbV96RAMa,780996031480158289,14,20200803,4,288437268578095201,<NA>,819.7,2022,3,390046432857802424,6,83562349342,414,32540888,<NA>,1311,<NA>,01821A,nan,3.08
M7IFuVZHwbpywH7kNpm,ulptr57TSpZFTE6XHLa,891355557530142511,0,20200321,3,969633927696917909,11,198.9,2022,3,821898158654062727,12,63591324181,2117,24651139,<NA>,1600,<NA>,O,nan,2.05
pubJHWB0xkR4AWR6u5H,fZaHKwcdcaI35YUNK2N,218255263039521046,27,20231028,3,551040557529671343,<NA>,182.5,2023,3,715230966485709165,5,70814031827,1153,22799774,<NA>,9306,<NA>,32820B,nan,2.19
UCZOd9eGusPemUc3rsE,8s4my7ZwWLGEOY9IuS3,739670260827637720,27,20241027,3,nan,5,226.8,2023,3,572585634580199324,6,94833238536,1232,13820728,<NA>,1401,<NA>,01920E,nan,1.86
9vSBIncDPhCf0Fbj8mc,i6djqDS1kVSaYTln5Ek,012437847985825515,27,20230815,3,849066816275280394,<NA>,221.2,2023,3,570454053275825173,14,76582824918,1516,83780673,<NA>,2601,<NA>,01921B,nan,1.18
PcbHnHyLCyGtJOLi4UD,TDjVX5QRAm03dLBQq4X,387103403743899013,69,20190427,4,nan,<NA>,614.4,2022,3,676304257528833749,5,67189071363,1932,89502789,<NA>,1801,<NA>,O,nan,1.98
a3cRDdkGiYaAEH52CN9,Zx18nKCJhLc0bt6B1K5,808679215154154861,0,20240806,3,446961714638089032,6,148.6,2022,3,380778732275952642,2,18815938056,2110,33583191,20220606,1301,<NA>,32820E,nan,2.79
7347lFkyPa6Dzk4QBIj,inoay7s8cbpP6TfnHvQ,881731819242744284,56,20191118,3,nan,3,73.4,2021,3,534164780532541407,11,11710402053,721,12698216,20190405,1301,<NA>,32820A,02,3.07
SyxD9itGJc2LavoCUEt,AHAZ0fSGgCDExe4XyX9,652600148224272922,42,20231028,2,291921086309985800,8,691.6,2023,3,647551088062584217,2,05767207928,2040,07458822,<NA>,1301,<NA>,32811B,nan,2.58
CNQJwirPTApRiok9ouR,d9Mk6b8E2DusfLvBxHW,879861535835215792,15,20201107,4,nan,9,214.5,2023,3,771182345464476966,2,50448642960,1653,12225014,<NA>,1401,<NA>,32881E,nan,2.39
hdjjDii3xFu1fREhtwL,mwniYZYBpVaGQyvnGTe,050874101305230842,42,20221223,3,844382441327671697,11,378.2,2023,3,170761535247322359,12,50025868078,601,26689648,<NA>,1314,<NA>,01921E,nan,1.26
xXC285B5JKoxODAH7hJ,Dv1xtLmpUrMCQf1QkWs,289325899151295156,15,20250813,3,664619541626114524,2,322.0,2022,3,703510950306202432,13,01609829104,655,76894594,<NA>,1600,<NA>,01920,nan,2.4
I9cQPZwEaYbNLRLCXY1,HMESVew42rOvgSE2tdV,861717052138962235,52,20241227,1,nan,<NA>,75.4,2023,3,055055779353335011,11,00487948682,924,21926030,<NA>,1600,<NA>,32811A,nan,2.76
AhjSHj9JuWHldsI0Kf5,ir27Q6sYx9FziASAQQi,899436963827508892,14,20251029,3,381601178777115903,<NA>,509.0,2023,3,210116800852371192,4,59217370637,420,28469585,<NA>,1801,<NA>,O,nan,1.29
XqlssNxUJrUwNEbQHCJ,RYTkfOLLHaFolIE2PYp,873107238189459867,42,20240307,4,250297677507141719,2,112.1,2022,3,481405967060021947,2,11633581567,644,31299270,<NA>,1401,<NA>,01920E,nan,2.96
0jv8IqoyNWu5y3gatfd,nR5DuFcT3cfkDaIJ98m,994015050018907912,42,20221028,1,nan,17,127.2,2021,3,110575782470669084,6,84980889257,846,84111941,<NA>,801,<NA>,32820B,nan,3.33
urwgK0gkkRINfx3UUPF,zEiQyuHzZELHcEVoAlT,900420549491635216,14,20201115,3,962689413036987867,11,385.7,2020,3,634067802013611818,5,82226037548,604,63958587,<NA>,1801,<NA>,01921B,04,2.93
mjUec34wHf1QQaQ4Fbt,kp6cFrmcetX9LDDl95F,385972090925983990,58,20190207,4,nan,<NA>,141.8,2022,3,561479309047503092,17,99218476918,551,28447750,<NA>,1600,<NA>,32820A,nan,2.15
ng5WbFkloQv7bN81zcM,TH7njzRmUjjiP4gbCKn,000739313180045602,37,20251119,3,nan,<NA>,66.3,2023,3,780672952445112429,3,05584749555,1650,37951737,20230121,1600,<NA>,O,nan,3.28
v2BoIDKCFqKe7qb3HDp,8w5hRGXsvlIrTjcZXso,129875336692633589,14,20190228,3,510116259258693949,4,233.1,2020,3,351173489261363606,5,75264179118,2306,65550861,<NA>,1401,<NA>,01821E,nan,2.25
OeDflSvDJBu9qjgmshI,HD4YxAyO8CTL1uiOs72,492191132243021115,14,20231120,3,784132117252790700,<NA>,1761.1,2021,3,879944516563748021,14,79279307431,255,27441074,<NA>,1801,<NA>,O,nan,1.09
y9xGr3ujx4lRzheHOGh,1JE6LLlXk0Py59qJHGU,190487271763862997,15,20240320,1,nan,<NA>,200.1,2020,3,383525001954035652,11,82286604353,1754,58271158,<NA>,1600,<NA>,32811,nan,1.58
apOBmBF2P3A9jlFucdP,VmA0GmWwZoA4GM5gslI,067752651768646670,14,20200515,4,677787768506577956,11,498.3,2023,3,764468920239150531,2,65221823420,1742,57843697,<NA>,1301,<NA>,32820,nan,2.03
EDlJlGg4B88qrqVbsjg,ApvkVnaIpl8cMvXPIEl,442962222834227588,15,20201029,3,902491758168381212,5,5289.3,2021,3,211728473452621907,4,24188438365,500,20898608,<NA>,1301,<NA>,01920B,nan,2.39
mBwDLb9cKuxnahj2FC0,FRyM3NZJyXAaKDIpYlO,646079782169752899,15,20210813,3,nan,11,200.1,2022,3,309466842811905405,2,98710331355,711,22108822,<NA>,1600,<NA>,32881A,nan,2.9
cWL2YcY5JwiVpve16Uj,sCBamc1B4tfndFXhl6B,102022031154011118,14,20190706,4,nan,<NA>,301.8,2023,3,655746462698513123,17,64838838965,18,82932417,<NA>,1801,<NA>,O,nan,1.92
fXkqWEWDynwYok3hu33,Gu4LnIFDQPOH9hCG8Gg,554583699035005188,14,20230323,3,nan,16,131.6,2019,3,991671379105844725,14,37999236196,2306,34285368,20230402,1317,<NA>,32820B,nan,2.77
DPNEw8wLmvJ2jNDX8Fo,zb2jXd7MzLR04LeXsV2,486805682959215640,45,20200810,2,nan,8,166.2,2023,3,490384089255558396,11,71328312105,2225,55399335,<NA>,1401,<NA>,O,nan,2.95
vbbVkLpePUsuwWypmy2,mMZBUe0m88xA6fiOejC,565830145659098509,42,20231116,1,178207340349642486,<NA>,162.3,2019,3,631861412338746221,11,01371345618,1947,11978137,<NA>,1801,<NA>,32811A,nan,2.99
5kH9WtfvHyhEJ7tLSUK,hwU57VS5SBxHnkk699R,845709923827720011,15,20231120,1,170215216459988471,<NA>,854.1,2023,3,669228824722152925,4,20669446507,2327,88488502,20221215,1801,<NA>,32820B,nan,2.41
pMDn1XMBXXBZzJcHXee,RDfO3GWbmPxnGqVpll2,824144596089737399,42,20250729,3,639406607905011419,<NA>,673.0,2023,3,845503645152689591,11,47663417851,1906,58264744,20250113,2701,<NA>,O,nan,1.47
WuNmd0KcghzoHSyAwEo,wUbjQAPfWS2C2FOlCxu,097564818745337191,14,20220825,3,nan,14,658.4,2022,3,782642870031672745,13,59767070476,1758,66766255,<NA>,1401,<NA>,32881B,nan,1.47
uQ16XckJ7v1WJqcnz3G,Sppv214Q0U0QOT1aVzr,081886603105061922,15,20210307,3,419110697547613972,11,85.6,2021,3,044469890112827127,11,00999532563,1529,35089713,<NA>,2701,<NA>,01921E,nan,2.82
lCmYIp6q6eigLvBYIqq,lItB256nyOl59KscFdz,650306436663911054,15,20220716,4,nan,<NA>,29.8,2023,3,936876800377733080,11,00521115304,1026,58146917,20250725,1801,<NA>,01821E,nan,2.06
3dtMS56KnfEwpGc5Ais,omYLanBuMUHbJf95Qdr,245091446746611701,27,20230106,5,536811849001177331,2,224.0,2023,3,300949110249548270,2,01864400575,2211,94992766,<NA>,1801,<NA>,01920A,nan,2.38
Ikrt3uTxZ8hjViCNYTs,z157Q0SZcMN8m2EDegD,448603242323126042,15,20251225,3,nan,<NA>,37.2,2021,3,743876795089608619,5,50659728088,1722,39505305,20200512,1401,<NA>,O,nan,1.61
HfI40GimcDea06pdemJ,kZ3fuVHQmzISTclJ8BF,587850762110070282,14,20230705,4,078280676948371004,5,166.2,2019,3,414823215058650585,12,35027783169,1754,85623340,<NA>,1600,<NA>,01920A,nan,1.28
RPHU3EOcRw97pwgl2E3,jvrZb5yX8g4EJwATHIs,164548265333218163,14,20230413,3,415130108400110280,<NA>,184.1,2023,3,687396664227464065,1,88152544336,1858,64748690,20250516,1801,<NA>,32811A,nan,2.67
AiGPwZwAbG3xkqkw4DV,yTe3v9IaBei4wIJGH8U,503818879428473857,27,20251003,4,285751377256022123,17,814.1,2022,3,340171072788344480,15,58581226805,1107,02539999,<NA>,1801,<NA>,01920,nan,1.2
BBfbcgcrOrhYpSyBHkT,RgHdM0zkmuObt5RG4cs,175953912710098184,55,20240613,5,117408104324211123,12,44.9,2019,3,261903323262566791,2,91701195799,1439,48850081,20200512,1401,<NA>,32881B,nan,3.29
pngI5IUOaryLGve2kNp,Y9q7zTN6V5C3R3AGbBE,049783123286125821,45,20190523,4,nan,4,89.6,2022,3,592874170929952266,5,18784794679,138,07529874,<NA>,1001,<NA>,01821E,nan,3.11
4LyS8yaDOnGugjIJ53t,s14jeC0YyojGDIln8mm,088631999210957367,42,20230902,4,nan,<NA>,193.7,2023,3,812510188995056151,2,29724646128,427,57246408,<NA>,1312,<NA>,32811A,02,2.33
8HhelnEWjrok4S4OPdH,4JVQ0AdzDEQHqjR4Kp0,887758676698426178,57,20190627,4,nan,<NA>,129.8,2023,3,242707259731038454,5,38871237936,1603,12875706,<NA>,1301,<NA>,32811B,nan,1.74
8xPR60i3LtDZporpJYD,tKRkTxn5GVx6kyMCWMF,702629058478553520,42,20240213,4,nan,<NA>,153.2,2022,3,077563820823807544,11,20812626993,2258,94916981,<NA>,1600,<NA>,32811,nan,2.26
Q3giqLcRr4sDZNlXhO2,2Ejk3khTRA4T4UeBXcg,261785950706865359,86,20220426,4,nan,<NA>,141.8,2019,3,581195937892080926,13,57285779415,647,60129181,<NA>,1600,<NA>,O,nan,3.23
nxtuBCNKWsGl3k0ieNd,RWq2w1Asssgit3LObRU,797625802770498478,14,20220607,4,nan,<NA>,43.7,2021,3,862644494159544509,13,90980672303,156,51499828,<NA>,1301,<NA>,01920B,nan,1.58
zFkiquBeS5ZyM7jx0nJ,W5Ewt8fSufe1TsERt8U,716876232341036215,62,20241227,4,753976416985875948,<NA>,229.6,2023,3,172304911106880850,9,23765531028,2022,71204161,<NA>,1301,<NA>,O,nan,1.42
Cp4gdvlTD6zB7taxETc,PAh0P6q65dblB2ggrs9,532095072925538594,42,20221008,5,nan,8,477.5,2023,3,576713421846806294,6,82340001219,135,31922994,<NA>,1600,<NA>,O,nan,3.35
3KerPzRpceN8wf9lCdI,N5tCFaiLqva6tiS2RIg,939429654195381699,15,20190807,3,nan,9,129.8,2023,3,606828656203549865,15,62922181164,255,94879527,<NA>,1600,<NA>,32811E,nan,2.31
tZBdAM6YN2gnkPs78za,LrKoem1NdnYoQxkZtOO,045652454188960149,27,20220707,1,nan,<NA>,202.5,2022,3,801644336511730504,2,58207829369,1114,13713756,20201215,1301,<NA>,O,nan,3.33
eFQ2zZ1TI4SDBumYngb,4ylA1f8UdgfN2y0AXTl,879659218181079781,31,20250713,5,858470888789860775,<NA>,167.4,2019,3,284831518040721440,2,27977676563,540,27698754,20240729,1301,<NA>,O,nan,2.97
ZB2Sz5zMBlKyJwPmblR,yOlQQJXp31b7SZ2pXsL,773770232892863053,15,20230816,3,844236559410816367,2,248.4,2023,3,885304832462074894,2,73265834510,958,97807631,20221215,1401,<NA>,32811,nan,2.44
uQ16XckJ7v1WJqcnz3G,Sppv214Q0U0QOT1aVzr,837854039526437638,27,20210309,4,427821940325515287,<NA>,1442.4,2021,3,307150698409535491,11,83951108241,131,35089713,<NA>,1401,<NA>,32811,nan,1.39
jtH1vc3yQivaAPC3uAJ,PAQ2z7jk4jtT0sKowZt,527549471096268225,14,20200122,2,nan,14,158.5,2020,3,294246457508890740,17,33160545118,2031,29122619,<NA>,1401,<NA>,32820B,nan,2.97
KLUVVwGCPX5eHUukDKp,FOX9XI0UycrXwTeuQ0w,550976250672211612,15,20220222,4,716356789613277235,<NA>,997.0,2023,3,361382981083911034,17,33981114403,1653,97126797,20200722,1317,<NA>,O,nan,2.76
mVcXz0nAPlt6dbSVOGo,lWS5a9JaNc8Jywx8o5g,580245409577087242,94,20230523,4,nan,11,190.7,2022,3,120659693204147428,2,10081921101,1238,32474349,<NA>,1801,<NA>,O,nan,1.05
yGueixDupJbKALZffO2,TJi2JsYVqiB077nbY7R,488391743166187186,14,20210108,3,205904110523106772,3,129.8,2023,3,987207089020530465,9,11733045709,1500,47758968,<NA>,1401,<NA>,01821E,nan,2.87
EEH6Y6nZngH58gfmtQ6,fFDECv2ry8low5vfiD3,248074093518723621,27,20210805,3,820443363771093147,2,105.0,2023,3,245070307021419105,2,74227314739,131,63887946,<NA>,1312,<NA>,01921B,03,1.56
3GJY3CagChhXBiZ7832,G2ylkwctDmBJNJzslkJ,512334093220885679,27,20191226,4,435622587396903325,7,147.0,2022,3,642189320940195026,2,30042165366,1153,94012917,<NA>,1401,<NA>,01821A,nan,1.28
voIMuSuBDQHHJwB2yMf,A2Rcw4th8FCCq1WMOLv,245392260251721315,27,20200719,4,nan,<NA>,622.8,2023,3,798752216349578395,1,54947463816,1616,48301852,<NA>,1314,<NA>,32811A,nan,2.5
bz4HnLUHQWSQ80IiYhi,59mmrMQjOkpdqjA43ve,943181964352823272,15,20250202,4,031512496944085593,6,510.5,2021,3,123842888755941381,12,06654114053,2231,40105959,<NA>,1600,<NA>,01921A,nan,1.84
kpKYwtQOC1x6U9Siio4,IQYzAuqWe2ep6NmO3Xf,832426901158475394,0,20220509,3,582422962547121174,4,220.2,2021,3,780727344105203566,3,26681240607,128,88734727,<NA>,1801,<NA>,01920,nan,2.38
LbRHQvOs392P20yHErX,KwuhNxH2YsPI1Uyhaw0,601989618831574425,68,20240603,2,042850537978884475,13,240.2,2023,3,265782185181394855,2,11215223841,52,17017052,<NA>,1600,<NA>,01821A,nan,3.46
xl02wJYk61kgWpReeH8,fpYHGZiel3MnXOolwE7,902623617560587487,14,20230922,4,765747580075054203,11,137.6,2023,3,015894230012077963,7,93507712506,1041,96111389,<NA>,1600,<NA>,32820E,nan,2.83
J0ny80eaCwIEevnt6Zh,inTEqwC5tlDhoBihN4i,662265371459688447,27,20190414,5,nan,<NA>,448.3,2019,3,802384294687834299,14,77361429968,1452,47075293,<NA>,1401,<NA>,32820E,nan,3.26
mFb6Wldog5TvxSGiMzf,buZorFJFpvG9tsXTn4a,233747027138149304,15,20240312,3,nan,<NA>,75.8,2023,3,689256203954715266,16,19354948415,1114,73238902,<NA>,1301,<NA>,01921B,nan,1.58
lCmYIp6q6eigLvBYIqq,lItB256nyOl59KscFdz,047544715513261213,15,20210411,4,nan,2,173.9,2023,3,809777810743984478,2,00521115304,1100,58146917,<NA>,1600,<NA>,O,nan,2.47
ZLiV4yFa3KceGBAMUAo,1ssNZ7JyQKAhnQu5Hfv,682818868170520218,42,20240711,4,nan,<NA>,139.9,2023,3,924644292649149744,2,42037599917,919,23799374,20200222,1316,<NA>,O,nan,1.03
1VQ7CRG9XOhb7TYr9hb,BbwalRfRCRID7rp40GW,237275600330048457,14,20251207,2,621942916463669729,11,409.4,2019,3,793452097561610472,11,14742997998,2219,07572275,<NA>,1301,<NA>,O,nan,1.51
uYAs9sYQwj0Ko7YBo9X,PJfvdoPluAYaihBVwNH,483653726987095234,10,20250408,4,656891027491682230,<NA>,448.3,2023,3,786458638321369200,5,81793847916,532,09080419,<NA>,1801,<NA>,O,nan,2.84
CiQ1AU33pYHKHc9YkeK,aymKcKJQmEiWtyLWHDS,306469303866924903,15,20191014,5,639402719205552464,<NA>,29.8,2023,3,814117355889930288,2,64267203150,1205,25872069,<NA>,1301,<NA>,32811A,nan,2.95
9YIKhSrFuRpbQcOJrBj,rlIlwcfLsGbd1pBC7lm,642406554505156365,51,20201015,3,401591464650546931,<NA>,588.7,2023,3,788106026495158259,4,36598694642,1637,46798489,<NA>,1401,<NA>,32820B,nan,3.16
bz4HnLUHQWSQ80IiYhi,59mmrMQjOkpdqjA43ve,656756317782560059,14,20200308,3,nan,5,114.8,2021,3,072998174703970945,11,64344013028,830,40105959,20240918,1401,<NA>,O,nan,3.36
bIVtD6sXAoYFdIxTHvg,br2v7mjtFwa57H8ialF,625351386837140102,15,20190627,4,776920258668504946,<NA>,153.2,2023,3,922804667925219699,2,59549486021,1122,43200481,<NA>,9306,<NA>,01921A,nan,1.37
PcbHnHyLCyGtJOLi4UD,TDjVX5QRAm03dLBQq4X,591046879656130198,14,20250223,5,743859359798231052,12,71.0,2022,3,939081310325303970,15,82321365549,846,89502789,<NA>,1401,<NA>,32811A,nan,1.15
WCahJ9bxmNOjqbq6Ay8,MCvqTUPZdUh6lGVVWYP,284629881631873994,14,20210813,3,739250631463431721,11,231.7,2022,3,196625621572612658,6,96417963505,1941,62020086,<NA>,1801,<NA>,O,nan,1.37
lsuWffUhLcV1ybd5K1N,biQVr14JbfefZ5Aa9bm,182830842084368198,14,20240111,4,932511893971890879,<NA>,154.4,2023,3,446743723350684038,17,94730170144,1425,81793934,<NA>,1401,<NA>,O,nan,3.04
1U5OY8pxcCRmjZL08qT,ns37HetJ2DedQl6Dz2o,649555523032429739,11,20221115,2,610447713242898629,<NA>,143.2,2019,3,267244806780471727,6,51961066271,711,95089517,<NA>,1401,<NA>,O,nan,2.69
L7BoQUEhteqmHVfwF2M,XEV3pUgp9ah5x7I24yi,382603341418756135,14,20250320,4,381363476049282063,2,200.1,2022,3,794304582495554219,3,63989035540,52,35052766,<NA>,1801,<NA>,32881E,nan,2.01
FT6D5JG2WaUKlQtsgVa,d5Q716WusOvyMpKgead,194665930235846580,15,20210517,3,466739881891886999,11,205.9,2021,3,670056357136742828,5,28022616346,2211,22146811,<NA>,1600,<NA>,32811,nan,1.8
8WHvyLQ0qpvoM6gQ1IL,emeg9xZKAvlbq7WXzEd,637064910875809052,42,20210309,3,nan,4,714.8,2023,3,731960338036011801,2,59466852292,1638,08619891,<NA>,1401,<NA>,O,nan,2.72
bHcI4XSII1NYFuU57xN,pQF1fmFfkdjCaXyX6Sw,458022994228517265,14,20200302,3,nan,<NA>,40.1,2023,3,896208118001050225,3,85958695277,424,89243711,<NA>,1801,<NA>,01920,nan,1.42
apOBmBF2P3A9jlFucdP,VmA0GmWwZoA4GM5gslI,922044185630994828,27,20220419,4,998586064798801501,17,913.3,2023,3,541393848030957409,5,67009882359,1414,57843697,<NA>,1801,<NA>,01920B,nan,2.43
2SlbxdfPrzgIQhSDdt2,3mLcDwSqoux74NqbYNA,835015373871719847,27,20201126,4,286149256348929373,<NA>,211.3,2023,3,979467929839075975,9,98568270157,2139,28682754,20230121,1801,<NA>,32811,nan,1.88
reRb1hS2vrzIqtQHaY9,lEHv1URajpMpL98Gljh,046214848636819613,14,20220807,4,nan,3,549.0,2023,3,072194942390352312,11,19022287618,711,94093115,<NA>,1401,<NA>,32820A,04,1.57
AS5SORJNTRV2XAOnYpP,31Raq7GmyJFbV96RAMa,926356704245325558,15,20250520,4,nan,3,622.8,2022,3,070468436324730342,5,83562349342,1414,32540888,<NA>,1401,<NA>,O,03,2.41
jQ1z6eR3EDbatPrh9Y5,9nabIz4sEFdw3a3QFyL,851134091505369167,75,20241116,3,nan,<NA>,409.4,2023,3,358777660495069854,9,87386893422,442,67676611,<NA>,1600,<NA>,01921B,nan,1.34
3KerPzRpceN8wf9lCdI,N5tCFaiLqva6tiS2RIg,647438164830833397,42,20190829,5,367966974462034184,<NA>,136.6,2023,3,697351548546409276,11,62922181164,219,94879527,<NA>,1401,<NA>,32881B,nan,1.47
reRb1hS2vrzIqtQHaY9,lEHv1URajpMpL98Gljh,272807331074699408,57,20230122,4,nan,17,853.3,2023,3,167514718341574075,5,19022287618,1906,94093115,<NA>,1301,<NA>,32820A,nan,2.79
apOBmBF2P3A9jlFucdP,VmA0GmWwZoA4GM5gslI,540331546869144348,15,20200615,3,894216958021311832,1,103.3,2023,3,147545630614873017,4,67009882359,1232,57843697,<NA>,601,<NA>,01821E,nan,3.39
RpHm6mtdCuxd54BF9ZW,ZxOvMKLCjpfETEyJZMv,497253845071970738,14,20220707,3,nan,<NA>,43.7,2019,3,389856661340759812,13,82007006212,1555,08343924,<NA>,1301,<NA>,01821E,nan,1.97
jQ1z6eR3EDbatPrh9Y5,9nabIz4sEFdw3a3QFyL,336562373854407845,42,20200519,4,503135724616690657,<NA>,230.7,2023,3,481085518139719801,6,53403399840,2150,67676611,<NA>,9307,<NA>,O,nan,1.99
UW2tQ77r7AojOrSDazi,FIgRwBKzSIJlzWCSlYV,509498440794034949,16,20230303,4,nan,<NA>,27.6,2021,3,200649780267176533,16,92391179459,2122,59913995,<NA>,1600,<NA>,32811B,nan,1.98
34p6qulsP0zV6Z6ll7L,mCGUmxCyhr2FGO1Vp48,501669913655692552,27,20241016,1,nan,5,198.9,2022,3,327614018300687102,8,43687366516,1952,13920402,<NA>,1301,<NA>,01821B,nan,1.86
cz8tIgHulpX9TKbsLRx,hbguUvDr848bTVd4wiI,901153323772079031,27,20220304,4,313265505570932093,<NA>,53.4,2020,3,917623053519772631,5,60310341524,1122,11874132,<NA>,1401,<NA>,01921B,nan,2.88
3lqFotsIcS9AvJwgWLM,QDzcti6zsNZA5KKlGYn,584071284482216424,42,20231009,3,nan,2,208.7,2022,3,422063794245817844,4,53466915015,406,26950475,<NA>,1401,<NA>,01821E,nan,1.57
pK4TjOtLnknAaDImX9z,UIo9FvGtiaEGogT6nbH,774856394900522186,15,20191208,3,232189530512371835,11,183.0,2023,3,964344004417577779,2,46556412931,1052,22550256,<NA>,1600,<NA>,32820E,nan,1.73
a3cRDdkGiYaAEH52CN9,Zx18nKCJhLc0bt6B1K5,538042205753122952,15,20220919,4,nan,11,53.4,2022,3,095818357191404554,5,18815938056,4,33583191,20200722,1600,<NA>,32811A,nan,2.19
8HhelnEWjrok4S4OPdH,4JVQ0AdzDEQHqjR4Kp0,023549492198271273,27,20251225,4,nan,<NA>,105.0,2023,3,487681352168858597,9,38871237936,514,12875706,<NA>,1301,<NA>,O,nan,1.91
DlytQ7IT4e2RGFcQpWd,BSerEjTjkZwT6tZADCl,306561637758202095,28,20190706,3,nan,<NA>,140.4,2023,3,241841969377648880,11,21514294887,1847,26218457,<NA>,1600,<NA>,O,nan,3.28
En2grFemKZ0uLoG8sz5,ys1swh7cO3cTT2uEMSi,335985011319992797,17,20201015,4,638542822602444763,3,35.1,2020,3,047822549744695352,2,00819682592,1417,51616935,20240403,1401,<NA>,01821E,nan,1.45
eFQ2zZ1TI4SDBumYngb,4ylA1f8UdgfN2y0AXTl,764762457186886499,14,20250103,4,462212900384984737,<NA>,107.9,2019,3,270450847081831470,11,27977676563,519,27698754,<NA>,1801,<NA>,32811E,nan,2.03
ZLiV4yFa3KceGBAMUAo,1ssNZ7JyQKAhnQu5Hfv,841879437441423853,14,20201015,5,263055765281983156,16,120.5,2023,3,446015975436244422,3,42037599917,1156,23799374,<NA>,1301,<NA>,O,nan,1.24
5gEWklSVs0KWUJxzZzA,nGeqw9dwfzKgv0NmJ11,122124791459169584,0,20190618,1,nan,14,3626.7,2021,3,681074641191472841,16,95338887939,333,75147662,20240403,1600,<NA>,O,nan,2.47
pKTwGCOqjEc0ZpxzvUc,mPxiwQgmrLQUyVN8hkC,663394689164511614,60,20190303,3,292977661845715985,<NA>,3851.0,2021,3,828626585118877295,7,10350585027,1406,67913274,<NA>,601,<NA>,01821E,nan,3.04
8tcEuYEsXz0dhHKyOjD,aOROBMjoDOug85GT8Rp,365898358471730174,27,20230830,3,nan,9,171.1,2023,3,018405227492544862,1,50070457518,1854,67436131,<NA>,1600,<NA>,O,nan,3.28
rpID03klDzbJTHzpvqS,KEWFCpdIKwdM6jPTAd6,458412308676156781,14,20201029,4,864505296220926700,<NA>,143.2,2021,3,570939459173522006,5,03512595169,300,67901595,<NA>,1401,<NA>,01921,nan,3.36
EEH6Y6nZngH58gfmtQ6,fFDECv2ry8low5vfiD3,411258795997366686,14,20191009,3,nan,<NA>,1761.1,2023,3,844165933739030828,2,74227314739,138,63887946,<NA>,1401,<NA>,01821E,nan,3.49
rGb4dfWL8pskqQftyPk,9k3XzN1F1gFdN5U39GA,554986333334216432,15,20231120,4,724400079532009235,2,229.6,2021,3,683422557272199850,9,68245675937,1638,71284546,<NA>,1401,<NA>,01921A,nan,1.18
HSMDNNjX5jPJDl3qo3o,nP6SH6DLYX9NNjKybok,971516338278084701,0,20250910,4,nan,9,378.2,2022,3,059405141273436492,11,61039577645,944,58888998,<NA>,501,<NA>,32811A,nan,2.17
07jNdx3Slds1zwnbmwP,BCBk4DAN0pyJcDr71qe,684654687155517686,15,20250119,4,341531558683837791,<NA>,89.6,2022,3,362105402442933553,5,35135925578,45,76148764,<NA>,1301,<NA>,O,nan,3.45
PCI7mEDBGBqhQv9WcEy,SrxELqDYNr90EDht3Xs,555641415583964308,42,20240821,2,nan,10,630.3,2021,3,430434426242078130,3,60384463152,1321,99311332,<NA>,1316,<NA>,01821,nan,1.37
4LyS8yaDOnGugjIJ53t,s14jeC0YyojGDIln8mm,794727720887760852,27,20190612,4,340525373191366643,<NA>,236.3,2023,3,704105889368899361,17,61671651590,1305,57246408,<NA>,1600,<NA>,01821A,nan,1.7
6iMS7nEqK3AXJFI8IJC,NnfA0WgtkzSOCoVGioN,651558481674440357,0,20191118,4,039741890395226225,<NA>,2830.2,2023,3,379109987597146168,11,99003656969,1941,67919582,<NA>,1401,<NA>,O,nan,1.57
9YZ4M2jGFB5HiceEl5S,tMriRQn32looAZRif32,645386939108679740,15,20231116,5,nan,<NA>,86.2,2023,3,432956789134712179,2,38561074829,1637,96478120,<NA>,1301,<NA>,O,nan,3.01
UCZOd9eGusPemUc3rsE,8s4my7ZwWLGEOY9IuS3,574305150169445207,42,20211017,4,nan,<NA>,154.4,2023,3,240605940888675024,2,94833238536,128,13820728,<NA>,1801,<NA>,32820A,nan,1.23
nBxfcjS7VdssIMIOuYL,cL6KU9hXHgolNMohWxt,398549380127912201,27,20191208,4,694968145312534233,2,240.2,2023,3,835681814438935538,4,44858220636,1712,58613800,20230830,1401,<NA>,O,nan,1.48
HChOz2W3rFnl5TXfqDd,D2l0BaHBwngUoBBQgFF,722328330401630846,42,20241027,4,nan,<NA>,867.1,2021,3,147818380121692286,17,12964916084,2310,58971545,<NA>,1600,<NA>,O,nan,1.12
p0tvIDd0qLpic5e35TC,PjHR0M3Pdl1hHWZ9t37,404215996531272960,82,20230712,1,795465606065048477,2,498.3,2023,3,321812196143714671,16,47765688600,42,25952061,<NA>,1301,<NA>,01920E,nan,2.78
Mc98D68syqJHsvV0JBe,8Pizdjwyt1rF94lr33p,755276816710278571,14,20220624,3,nan,<NA>,126.6,2021,3,627083604135416581,2,06098888501,1603,42895276,<NA>,1317,<NA>,32881E,nan,2.73
jr0jASQBQ2mXhpHCNep,etp6wvDTQt5FOeCFDw4,470739326718753685,42,20231009,4,705633676844070309,6,762.3,2022,3,984633950215598276,13,77999209383,1302,81230059,<NA>,2601,<NA>,32811,nan,2.67
pKTwGCOqjEc0ZpxzvUc,mPxiwQgmrLQUyVN8hkC,877347567511776181,27,20241027,5,nan,14,141.8,2021,3,287144340496793143,11,35141321691,102,67913274,<NA>,1401,<NA>,01921E,nan,1.96
GG8SV8Zw2bxBpIBrqGe,RLWVK2NauXUEOhCBIDF,346035990880931863,14,20230511,3,387257268626878817,2,127.8,2023,3,822296889194109739,5,18004481084,435,72652722,<NA>,1401,<NA>,32811B,nan,2.2
bXoVOlm1Z3vUolyReLP,eBcUvEJIgx2ee3ZhhCM,189774465146309580,14,20190807,1,809513200040460997,11,396.0,2021,3,424290756356897584,13,95758785511,721,70462596,20250516,1600,<NA>,O,nan,1.18
PFtKsrA2rr37NEOKDJz,srKJGeu3SZHwSk8Cdbw,963223168792092552,14,20250920,5,850891782537829686,8,271.8,2023,3,867226921754723915,8,42645548140,618,61671699,<NA>,1301,<NA>,01920E,nan,1.12
rGb4dfWL8pskqQftyPk,9k3XzN1F1gFdN5U39GA,226438693931529083,27,20210607,3,935058976362390702,15,941.1,2021,3,137297315999793514,17,98731504256,148,71284546,20230519,9306,<NA>,O,nan,1.07
BCJnvbOcvJ7d4McIjCs,WcZHeQ6tc4oT8bZ6GWG,594901355453805940,14,20250108,4,nan,<NA>,53.4,2022,3,463439492282552187,11,15821157306,1616,82483437,<NA>,9991,<NA>,01920,nan,2.03
96E4eF6LhtsMmMKSvTS,05m9zkcoqCGfx0uii9f,934378167099072195,14,20200427,4,810041542771163790,3,118.6,2020,3,365682187979793669,3,93050386705,1041,77794750,20191014,1401,<NA>,32811,nan,1.85
qWUWqTxMnrdERp9TlCf,E9heqYUCUGG5Z88XA2R,085807430229498029,50,20220607,5,229916484822771134,11,173.9,2022,3,163316341559929828,3,76346637530,321,96252851,<NA>,1600,<NA>,O,03,2.9
WB17MeoiesY4W9XsC3U,bHyUWGfVMdnLoFOX8L4,819894853347169770,0,20240111,2,nan,<NA>,686.1,2022,3,954531037228924229,5,84890235230,2343,67835514,20221215,1801,<NA>,32881E,nan,2.08
PMTArVIbsE3ZtogfgFm,MmAsnKWjHQ5ugFtWEI4,053644117843818247,27,20220624,4,nan,2,201.2,2022,3,477973954529462695,6,38135610581,2117,25200689,<NA>,1801,<NA>,O,nan,2.0
gHJaDGoXlClrQMXvh1w,hAEqjZuDq6N3jg5rVGV,106517778488254902,61,20200425,3,nan,<NA>,48.8,2021,3,842254657512717534,13,62742720072,458,98421959,<NA>,1801,<NA>,01921A,nan,2.06
DPNEw8wLmvJ2jNDX8Fo,zb2jXd7MzLR04LeXsV2,015053375911425211,14,20210618,4,nan,2,83.2,2023,3,588029915109948025,2,71328312105,1709,55399335,<NA>,300,<NA>,O,01,1.7
SsSG7447M1B7EnhAJTX,fQWFpjzTgx2T08SDmdE,726474037312443167,15,20201119,4,nan,<NA>,92.1,2020,3,554186174788403994,11,62911410194,928,73071653,<NA>,1801,<NA>,O,nan,1.14
dCUaFVa4z0mW9ODmfvB,17DQEAMAEaxHYo5eY6p,319625370597197834,42,20240711,3,nan,<NA>,57.5,2022,3,247478879711574691,6,43945085831,1243,83245793,<NA>,1401,<NA>,O,nan,2.52
Mdhkr0OGispt5DxSG5Q,tMRAxz2WaLGZUTjKxXr,792601628433632603,0,20220607,1,973433133732535422,12,53.4,2022,3,262450702436726050,11,56229182699,2040,41391563,20240403,1600,<NA>,01821A,nan,1.74
9YIKhSrFuRpbQcOJrBj,rlIlwcfLsGbd1pBC7lm,314000438201489667,21,20250422,1,135909733931501624,<NA>,89.6,2023,3,358330129858401025,11,51439226308,1737,46798489,<NA>,9306,<NA>,32820B,nan,1.43
sa7ULyE1FCOqEGBkWXF,dKT3DbDkyMKaYJJoBEn,135087414347374735,14,20250422,1,284094972542035129,<NA>,913.3,2022,3,663685027216443131,11,24113229317,1822,78276863,<NA>,1801,<NA>,32820A,nan,1.6
9xMpzHC1ICBIVi7CITt,5mSdIiYCjSBu01cplBB,427043303497257071,42,20190925,5,941068055248774211,16,853.3,2023,3,125838676566138660,14,75543188223,849,09643191,<NA>,1600,<NA>,01920A,nan,2.82
DrbW0ECf4n0luCkghFf,cxVdsLPrh19DyYJ6Kd6,593765197159556004,0,20201115,3,804747659029030060,5,168.8,2022,3,525351241354691448,17,20438938813,204,55269166,<NA>,9307,<NA>,01921E,nan,1.06
RhWusS9Gh6O6MxlHOIz,XFVMIZcgDSFywxDLqUy,226085241454390247,14,20240915,2,nan,5,167.7,2022,3,867180416011261852,11,75888773337,1107,10456949,<NA>,1401,<NA>,32811,nan,3.22
X1LMOJahisECl5iYp9j,dJOSUcNGa0LOS7WT5Xy,941830703247128963,14,20190829,4,647650243886328347,5,49.8,2021,3,071656683262669300,11,33803636493,1342,75562773,<NA>,1801,<NA>,01921A,nan,2.76
a8qLlyjAm7108NCIKhX,7q2eWPQDTCaCxYnCTTM,922815090601811410,14,20250515,5,nan,<NA>,40.1,2020,3,529083988384360870,14,99321852943,255,97457593,<NA>,9991,<NA>,32811A,nan,1.41
my08RB9bMiBUDZQhA7C,N1kelBIP8kgVYksfZmv,385878258290765021,14,20190925,4,153175281891563463,5,167.7,2022,3,362330685448389554,11,43131384207,1026,63084616,<NA>,1313,<NA>,32820E,nan,1.42
Q2Ga49jaUA0s6jMaQsu,sxSM0Nc1ZaLdOYjTsxm,906614953071423559,15,20210116,3,215099985223454801,<NA>,61.2,2022,3,232947484153427937,16,12926935625,249,80057651,<NA>,1401,<NA>,O,nan,2.19
RPHU3EOcRw97pwgl2E3,jvrZb5yX8g4EJwATHIs,686357350700995052,15,20250202,3,583636524158171684,<NA>,48.6,2023,3,143974788305461766,10,88152544336,2009,64748690,<NA>,401,<NA>,01921B,nan,2.76
a3cRDdkGiYaAEH52CN9,Zx18nKCJhLc0bt6B1K5,768444558051971365,0,20190303,4,228283997436032475,9,740.4,2022,3,325024911474634746,4,90038867277,717,33583191,<NA>,1600,<NA>,01920A,nan,2.47
lobpsygUbsnD8W088Tc,Xih6wDwl5U81YjIynBa,547388701702327477,0,20241008,4,270148282927088643,11,57.5,2021,3,234897898888972618,11,73012622238,2329,41162932,<NA>,1301,<NA>,01921A,nan,2.53
yGueixDupJbKALZffO2,TJi2JsYVqiB077nbY7R,607026889026635552,42,20191124,1,034363873081665269,<NA>,148.6,2023,3,322692705106821665,3,11733045709,1603,47758968,<NA>,1301,<NA>,32820E,nan,1.69
14DEppGRmiaSpqP63h2,o3xX4lnaFhZpHdxGEph,139457705217758074,15,20201229,5,766713396107889297,7,215.8,2023,3,715877303983661199,11,22805380764,138,94161298,<NA>,701,<NA>,O,nan,2.8
Md7y7ZyTOMytu5rHvwn,r3YPiIDfU9NfTFKxYBk,619902574495953190,31,20250910,3,694707008878951428,11,115.1,2022,3,989253206009990241,11,23493922132,1232,45584536,<NA>,1801,<NA>,01921E,nan,2.9
KHdni7taOtUJxxrWij7,Le8renqeXDG05T1HT17,426039285700478189,15,20240417,4,nan,11,140.4,2019,3,228789526840577953,12,58299191324,2132,87758998,<NA>,1801,<NA>,01921,nan,2.48
DVwsjAfhlUZrHoze4A4,S0RjZL0fHLaBPS4rUaz,086660927768420269,27,20230909,4,603393052444394223,1,215.8,2023,3,256803363968605072,17,42909377517,24,45228716,<NA>,1600,<NA>,01821B,nan,3.42
7Zqux2MbvM2rIe80JQ2,4kVDzTxUqtuJAR1uUI8,576207668702348403,15,20251029,1,978585074525422558,12,4941.9,2022,3,484704795801097277,13,40730088807,1337,03611576,<NA>,1315,<NA>,O,nan,2.83
sqhwzMLg6pIydT9bezQ,PVkpH9qKAPQEEmODYPb,880291832311425250,97,20220524,4,017812815659247231,<NA>,172.9,2021,3,710260984028506743,13,64495139373,1406,49653499,<NA>,1600,<NA>,O,nan,3.47
zRAxPZEO1mhWBdNJCvM,urwHK3uDBbbUWuAV66K,348545479572656576,14,20190316,4,223411851227028886,8,224.9,2021,3,351596508894635749,11,58261816295,148,14808413,<NA>,1801,<NA>,O,nan,2.98
jFgh6654zizkhGWnByd,uT2CTCN1bJhbLap8dBK,171275300003831085,14,20210126,2,630747295784319642,<NA>,61.2,2021,3,450014959538906949,15,73901830443,1308,62098927,<NA>,1801,<NA>,01921E,nan,2.86
DPNEw8wLmvJ2jNDX8Fo,zb2jXd7MzLR04LeXsV2,555779027728665901,14,20241207,5,777601873010753818,<NA>,38.0,2023,3,692696431279218556,11,71328312105,1205,55399335,<NA>,1600,<NA>,O,nan,2.12
jtH1vc3yQivaAPC3uAJ,PAQ2z7jk4jtT0sKowZt,500542474456663456,41,20191217,4,nan,<NA>,162.3,2020,3,819393993875742366,5,33160545118,36,29122619,<NA>,1801,<NA>,32820A,nan,3.44
r8VGZ2DmFncRN4fX3FW,lG7Ln83wDwov8blJys5,879486280768625357,22,20230227,3,034894428349572368,13,158.5,2023,3,727545608426232377,11,69635346240,1841,48644198,<NA>,1801,<NA>,01920E,nan,3.08
SyxD9itGJc2LavoCUEt,AHAZ0fSGgCDExe4XyX9,838591387107096721,42,20250208,4,084973622362871583,<NA>,158.5,2023,3,926307576686694572,5,54042007816,947,07458822,<NA>,1301,<NA>,01920B,nan,1.7
mjUec34wHf1QQaQ4Fbt,kp6cFrmcetX9LDDl95F,580245428216166097,15,20230227,4,069636382039776570,<NA>,68.3,2022,3,874313605722948747,11,99218476918,616,28447750,<NA>,1401,<NA>,O,nan,3.32
32yhIyvtNUA3WZYj5bE,iVTUZepu51lQYdWHZIl,433237146732807055,42,20250320,4,629242985226762981,9,853.3,2021,3,163610909864973838,10,92102677258,754,49819812,<NA>,1600,<NA>,32820,nan,1.39
3KerPzRpceN8wf9lCdI,N5tCFaiLqva6tiS2RIg,966900944883770385,15,20250910,4,056696132979377214,<NA>,115.1,2023,3,478840576118873488,5,62922181164,138,94879527,<NA>,501,<NA>,01821E,nan,2.65
CCMTwnhZtv8CoFuwIcb,PCKsV7kHz89wKGCh3lf,851822985412169308,49,20220816,5,752832212192162963,11,4941.9,2023,3,957879786013748569,5,79791086823,2040,78620274,<NA>,1801,<NA>,01921,nan,1.1
WDMJHlw5Cjk1GYPyUAp,ncTTYa3twjdOjcb7eZ7,799907623933716675,42,20210503,4,417715082842184692,9,110.7,2022,3,194791637494921831,5,44374236297,1747,71789156,<NA>,1301,<NA>,01920,nan,3.0
UbbzUzVFvlDMQzgdVpy,0XNRQ9LxvzRxBFciyP9,048830503553353173,56,20250103,4,898010247998562837,<NA>,98.4,2022,3,313391785169479783,2,99963345779,1058,25903565,<NA>,1801,<NA>,O,nan,1.57
Mc98D68syqJHsvV0JBe,8Pizdjwyt1rF94lr33p,235626149353880809,15,20200410,5,061571898278741267,<NA>,588.7,2021,3,321848753079751134,2,90250310271,42,42895276,20220713,1318,<NA>,32820A,nan,2.25
1N2ONfbDPKOFq5DW4Li,7cKs4zFxApZnscPb41e,596172556490453616,14,20231017,2,nan,<NA>,322.0,2023,3,130250953364907658,14,32425936937,1011,71520913,<NA>,1801,<NA>,32811E,nan,2.18
S88CtDk8FszIuBG4O6g,owBSyrYCJym86O0fQ1l,956968968468758108,49,20190321,3,710450501204821732,<NA>,103.3,2020,3,534913386165593802,11,72552635257,2313,19570023,20210430,1301,<NA>,01821B,nan,1.74
qWUWqTxMnrdERp9TlCf,E9heqYUCUGG5Z88XA2R,822792522186241608,15,20230413,4,935149476896973676,<NA>,1442.4,2022,3,843806042759592683,3,05194731982,1052,96252851,<NA>,1318,<NA>,01921E,nan,3.25
7xp8aNxBIchc9Z1wtk6,AnlUNBoqtZnYnuZSDHc,099282982020634565,15,20220210,3,nan,5,606.2,2022,3,109994987728174405,16,36421391650,1314,31961459,<NA>,1401,<NA>,O,nan,2.28
8tcEuYEsXz0dhHKyOjD,aOROBMjoDOug85GT8Rp,666577800775001496,86,20240130,3,886614490952123327,4,1761.1,2023,3,026189305266524165,11,65286406409,420,67436131,<NA>,1401,<NA>,01920B,nan,2.83
MoZ6EJgmIt7PAhd8Zfa,pG35goLNlu95hbMn0OI,175902694136850386,14,20190925,4,nan,<NA>,110.7,2023,3,950030763200819778,13,35062804814,1747,83575405,<NA>,1401,<NA>,01921B,nan,2.06
1wHRCnAtoJXRbqDPwOJ,pXjrk8mfpQ3laYtC8dg,311820927538467503,15,20220607,5,762076257115013590,<NA>,110.7,2023,3,144899459950479605,14,40753471369,11,78731156,<NA>,1600,<NA>,01920A,nan,2.71
ujWxfJg30MagZ6nV6fi,qP6ISBaefWsoz2CZzmU,161241677067364426,15,20221108,4,414557313427514809,<NA>,176.1,2022,3,781897788448696887,2,97002111436,1011,69022529,<NA>,1401,<NA>,32811E,nan,3.07
a3cRDdkGiYaAEH52CN9,Zx18nKCJhLc0bt6B1K5,924865829012988618,14,20240221,4,074817769650693223,<NA>,67.1,2022,3,624870752337611380,2,18815938056,128,33583191,<NA>,1301,<NA>,O,O,1.83
SyxD9itGJc2LavoCUEt,AHAZ0fSGgCDExe4XyX9,679382693657917192,14,20240324,5,896694529677181392,<NA>,208.4,2023,3,385701807326137742,6,54042007816,2028,07458822,20190207,1401,<NA>,01920B,nan,3.04
v2BoIDKCFqKe7qb3HDp,8w5hRGXsvlIrTjcZXso,686983673663405049,42,20231116,4,794238281892930901,<NA>,301.8,2020,3,607477416832622773,16,92944308973,551,65550861,<NA>,1301,<NA>,01921,nan,3.33
8WHvyLQ0qpvoM6gQ1IL,emeg9xZKAvlbq7WXzEd,766882938655779186,27,20220304,4,nan,<NA>,244.4,2023,3,277536144983438647,4,59466852292,1301,08619891,<NA>,1801,<NA>,32820E,nan,3.16
hTpIdh2tSehMO7Kzy4u,HMzpvyftqnSxGl5EB8u,626478718836552719,54,20190627,1,nan,5,169.6,2021,3,573524674138594961,5,16591562616,1555,54005082,<NA>,1401,<NA>,O,nan,3.25
QDL0vX6C2ZnrUTqRwL6,a1k4WeS8WK71hJSH82z,583333960361883623,14,20230917,3,578707999370844980,<NA>,35.1,2021,3,825957230320608009,1,11712789944,2313,74545349,<NA>,1318,<NA>,O,nan,1.61
Wzkc9FOkU04NsYxooTW,SaJ8D2ug1GPAfAHAglv,582222656811701485,27,20231017,1,nan,<NA>,204.3,2023,3,915366611291890646,11,77880432104,219,67897487,20240729,1301,<NA>,32811B,nan,3.48
Nl43hdCMVGoDJrLmTW2,Ga4dUQH0OvDcg0b8BJK,922749038906016866,15,20241121,5,482673481435289918,15,192.9,2022,3,910158330225171860,14,83015279037,42,74713291,<NA>,1600,<NA>,01921A,nan,3.45
ZLiV4yFa3KceGBAMUAo,1ssNZ7JyQKAhnQu5Hfv,707224624784987150,42,20230922,1,nan,<NA>,136.6,2023,3,974849718087944082,14,68973401639,1747,23799374,<NA>,1801,<NA>,O,nan,3.37
bcLSs3P6Zp1fHtuJaEe,4IfH3ECRBxi59Xd5Z29,396661232924283878,42,20231128,3,nan,11,509.0,2023,3,827297156673453102,4,48770284980,1147,99607355,<NA>,1401,<NA>,01920A,nan,1.11
34p6qulsP0zV6Z6ll7L,mCGUmxCyhr2FGO1Vp48,186114910281499784,14,20240312,5,391292565650561914,4,120.5,2022,3,488493504349828990,4,91947347199,1511,13920402,20220521,2701,<NA>,01921A,nan,2.63
G6gvF8smtjB6rB7LEeH,gYDz4JYQohwAR0yMCy1,097778960377607411,14,20250408,4,138987331685717204,11,590.6,2019,3,144218454475721724,2,60332330530,1722,95601214,<NA>,901,<NA>,32811B,nan,2.94
14gpZpepkkBjfOjgLhE,iXtRoAlvy8hZ4OZImty,169027551735040547,15,20200410,3,377125458518881523,11,96.2,2019,3,668447699097592060,5,50335540763,1758,63424497,<NA>,1801,<NA>,32820A,nan,1.49
ebqCfrgCkUT01RkPDSz,WQ39N8O9QwXiNZCO9dp,181226304925281380,56,20250129,3,078145681176480567,<NA>,65.0,2022,3,080556007667153433,9,33269980446,219,22593995,<NA>,300,<NA>,01920A,nan,2.61
PFtKsrA2rr37NEOKDJz,srKJGeu3SZHwSk8Cdbw,608805876233347806,35,20200719,3,734576526894143776,<NA>,431.5,2023,3,759130381242229210,5,85447213488,424,61671699,<NA>,1301,<NA>,01921A,nan,2.0
YlTs4cFTbR578HA2fJo,KOX5KXKB2A1vGBxh7lt,872052365537406309,14,20241016,3,837533016267072697,<NA>,135.0,2022,3,644889505749560581,9,16602758510,846,32607291,<NA>,1801,<NA>,O,nan,1.73
LBcatA0ghu1OdCNPbN5,FV5Ysg9jZum82o5crgO,555632628954770063,14,20250512,3,nan,17,32.7,2022,3,565911007379594598,11,61920503144,1847,32391615,<NA>,1401,<NA>,O,nan,1.11
y9xGr3ujx4lRzheHOGh,1JE6LLlXk0Py59qJHGU,987637759114569596,15,20220807,3,nan,2,1761.1,2020,3,372798013130206072,11,82286604353,808,58271158,<NA>,1301,<NA>,32811B,nan,2.89
L7BoQUEhteqmHVfwF2M,XEV3pUgp9ah5x7I24yi,793361231016123486,55,20190627,5,920226051692303943,11,549.0,2022,3,464058251631221848,12,63989035540,1122,35052766,20241217,1301,<NA>,32881B,nan,2.06
x97iLfDs1yHIAeBWXFs,m1k1atSfRXi6s0BKwdt,719517236513276741,42,20200810,3,004012190383384724,12,210.6,2021,3,531772966268081792,2,03397285684,148,30253326,<NA>,1801,<NA>,01821,nan,1.6
k9LWHLDrQkGVSDygO5M,eZpeRYwfVYB77wzpXJP,469226687481432741,31,20250609,3,nan,2,781.6,2022,3,753245159585296521,2,71247552358,1653,46221717,<NA>,1301,<NA>,01921,nan,1.56
KpmBTLdCasYTq7ZfZvs,nyc0SjSo7e91iKaVZ5G,211377625381665676,14,20200122,4,nan,<NA>,217.7,2023,3,272240596279873163,14,87942821142,744,54884727,<NA>,1600,<NA>,01821B,nan,1.04
ZiX1rUFujoQ3z53d4pe,AvqEeSRQY9zrX2vOwHb,282523710977993485,15,20250103,3,nan,5,43.5,2021,3,103570182878680054,5,06114147745,356,43323700,<NA>,901,<NA>,32811B,04,2.14
OkCuOYlxUQtxLvKQ4us,ky8nGPOS0qMOK7n7BTy,278878883044760324,27,20190612,1,nan,3,148.6,2023,3,327432708021267511,7,75667835390,930,50594151,<NA>,1301,<NA>,32811E,nan,1.35
cFWfIA4TEgBbr2ZL3zN,IhxldO6DuNvzrjmeyEb,103799573087136861,27,20240613,3,nan,<NA>,246.4,2019,3,580758037550938796,2,24488154761,830,41857460,<NA>,1401,<NA>,O,nan,1.42
Md7y7ZyTOMytu5rHvwn,r3YPiIDfU9NfTFKxYBk,850412366004688681,15,20240312,4,681005214797743722,3,979.8,2022,3,975402061407975203,11,60429604240,2202,45584536,<NA>,1600,<NA>,01921,nan,2.36
9YIKhSrFuRpbQcOJrBj,rlIlwcfLsGbd1pBC7lm,298343089810822808,27,20201229,4,195764300910141280,<NA>,2659.5,2023,3,642720064562924938,14,51439226308,1314,46798489,<NA>,1301,<NA>,32820B,nan,3.44
XqlssNxUJrUwNEbQHCJ,RYTkfOLLHaFolIE2PYp,201528569694619063,14,20211017,3,079395756242647667,2,301.8,2022,3,630142259500170167,10,80473109590,1232,31299270,20200722,1311,<NA>,32881B,nan,2.05
5gEWklSVs0KWUJxzZzA,nGeqw9dwfzKgv0NmJ11,090589888160615048,14,20231219,3,nan,11,651.0,2021,3,470472298585229281,17,95338887939,424,75147662,20210802,1801,<NA>,01821A,nan,3.15
nLomUM3tFmC9iZy1wpa,3frgFzJULOnYtLCrRZI,843895779188034226,14,20191027,3,603839188087718049,11,178.1,2023,3,248473406982769463,2,39640698310,1314,16145044,<NA>,1401,<NA>,32820E,nan,3.49
1VQ7CRG9XOhb7TYr9hb,BbwalRfRCRID7rp40GW,355172453400374363,15,20250408,4,nan,<NA>,183.0,2019,3,763199698700125127,11,14742997998,138,07572275,<NA>,2001,<NA>,01821E,nan,2.4
8eyK8jTwUzF1HrapJWH,JSZcHsuwiuzqZb7xaTh,504530647245290461,14,20190410,4,nan,13,238.5,2022,3,389761840478104394,5,18623801551,2231,46843439,<NA>,1401,<NA>,01921A,nan,2.69
LDt7uZya6uDnHDeSRaL,rMKQyhqBwo0ur4J6ocO,664153150978468630,27,20220210,3,982728546515611051,12,341.4,2022,3,006107628407067859,7,16033696855,2202,01496096,<NA>,1801,<NA>,O,nan,1.02
WDMJHlw5Cjk1GYPyUAp,ncTTYa3twjdOjcb7eZ7,668120013827821404,42,20210329,3,348403849340101779,<NA>,120.8,2022,3,325445299548928077,2,18456561401,1301,71789156,<NA>,1301,<NA>,O,nan,2.05
SaxdnI3TCsmjs1vBbvu,Fm4hoFtJL8P9ONFGD0N,606654889477249713,14,20200615,5,nan,2,100.4,2023,3,133300111144107988,16,28751896648,1550,91923528,<NA>,1301,<NA>,32811A,nan,1.78
0z3ULUZ4MK7rKGul77p,z3z7OkBy7y0HY8udbyo,525977942772013197,14,20221115,4,nan,<NA>,94.6,2023,3,673500970416891658,11,09956158596,2013,31484506,<NA>,1600,<NA>,32820B,nan,2.92
Md7y7ZyTOMytu5rHvwn,r3YPiIDfU9NfTFKxYBk,003198090369787143,27,20220222,4,nan,17,69.8,2022,3,037540056091046153,15,60429604240,2058,45584536,<NA>,1301,<NA>,O,nan,1.49
3lqFotsIcS9AvJwgWLM,QDzcti6zsNZA5KKlGYn,223644979598834280,15,20250609,4,nan,5,126.6,2022,3,517361602615473059,1,53466915015,535,26950475,<NA>,501,<NA>,32820A,nan,1.29
Cm41NPOxtV0ULDucuI7,Q7tMX5phpVxOPM8P7WV,227360109886139271,35,20250129,1,108049398083503696,5,49.8,2020,3,048904858333144434,11,75913096001,314,35653867,<NA>,1301,<NA>,32881B,nan,1.92
pubJHWB0xkR4AWR6u5H,fZaHKwcdcaI35YUNK2N,622881254799231690,84,20250113,3,976530006370936964,2,84.1,2023,3,632736853603603566,5,70814031827,300,22799774,<NA>,1801,<NA>,01821,nan,2.77
kc0w8dxveDNEm20kyki,zZclGaViTwwfh8lp8K6,515837067559686857,27,20240307,4,nan,12,545.3,2020,3,581861444863899309,10,14423458221,1521,37227199,<NA>,9306,<NA>,32881B,nan,1.65
WgVM9CeGCgKilUdZqBF,UaeHmTLUbNxSbO56Jqu,718620973607495375,42,20240603,5,212828793516710244,5,86.2,2021,3,209908802479459507,5,03239540394,2030,79990639,<NA>,1801,<NA>,32820A,nan,2.71
r8VGZ2DmFncRN4fX3FW,lG7Ln83wDwov8blJys5,132453620890655778,14,20230705,4,nan,10,224.0,2023,3,155853378062260278,13,07534687180,1847,48644198,<NA>,1401,<NA>,32811,nan,1.86
34p6qulsP0zV6Z6ll7L,mCGUmxCyhr2FGO1Vp48,699844273077660482,70,20190111,4,nan,2,84.1,2022,3,762181996129629499,2,63977225806,1804,13920402,<NA>,1600,<NA>,O,nan,1.68
83YidSJQkitqGdr841N,iKaDQjUePMSPiFWU72d,105023993975849883,15,20241027,4,nan,11,161.0,2019,3,474616177529225630,11,38326737390,942,57400687,<NA>,1801,<NA>,32820E,nan,2.8
kc0w8dxveDNEm20kyki,zZclGaViTwwfh8lp8K6,413293119401593019,14,20251115,3,432792362659710994,17,201.2,2020,3,389086686008522544,12,47039738152,2122,37227199,<NA>,1301,<NA>,32811B,nan,2.71
reRb1hS2vrzIqtQHaY9,lEHv1URajpMpL98Gljh,898443574696818824,15,20221016,2,390193194166022778,<NA>,25.8,2023,3,085377937949778518,5,13498350094,435,94093115,<NA>,1801,<NA>,01821E,nan,2.47
lC8K5SUBsfQwrf9wGzJ,waybjlr4Rw3zVtFnrcO,109906373363847709,15,20211215,4,604196882243185779,<NA>,139.0,2022,3,025297210223355446,2,03053513579,540,12261453,<NA>,2101,<NA>,O,nan,2.28
sa7ULyE1FCOqEGBkWXF,dKT3DbDkyMKaYJJoBEn,252320356134115136,51,20200908,4,004566976195883419,2,43.7,2022,3,388320647367861094,3,24113229317,435,78276863,20250608,1301,<NA>,32820B,nan,1.85
QDL0vX6C2ZnrUTqRwL6,a1k4WeS8WK71hJSH82z,565078955641948193,34,20210813,4,849346430917531065,<NA>,484.3,2021,3,371938557862261477,17,11712789944,833,74545349,<NA>,1401,<NA>,32881B,nan,2.47
Cm41NPOxtV0ULDucuI7,Q7tMX5phpVxOPM8P7WV,578660686258277562,42,20210503,1,294460309955405015,<NA>,50.0,2020,3,735205157677807030,11,51544644768,1737,35653867,<NA>,1801,<NA>,32881E,nan,2.71
7YcbpiGqwc70EpA9lxd,aFCDgEQRt7a5LeujiGE,596234472803557148,27,20220607,4,179788606957985884,5,172.9,2023,3,229428576115145745,3,30355036763,11,77201431,<NA>,1401,<NA>,01920A,nan,2.25
HRuDtU8hKpP4udk35gh,jXdm4pZsVd0BdPqqYGx,790835197937117286,61,20230917,4,nan,5,224.9,2021,3,780727471055560161,11,14451145825,2110,48663312,<NA>,1301,<NA>,O,nan,1.98
SiXimsNXr3TFCNTQ7Ig,2tdIGfMAsaLdwxg5Ayc,898817988691798599,15,20200308,4,704551483430724319,11,169.6,2022,3,160968009122695277,16,87503152571,1151,03783072,20250608,2200,<NA>,01821A,nan,2.74
oOz2GLFP3oihlcpJfJU,uqtQYj1yrh1VBB1osiS,282098911515413286,27,20210130,3,nan,2,107.9,2021,3,452623944138200700,6,21124714945,2327,42945210,20221215,1401,<NA>,32881E,nan,2.22
vllSgcJWNl6fZgZ08ct,w8iPfEp5BPOfyNxwGY7,197661875214146777,14,20250703,3,nan,2,193.7,2022,3,108346525600870545,12,68147751159,2028,69052701,20200814,1801,<NA>,01920,nan,2.15
5hZbuQeHNGtCoVz37RI,M4smxZNkyvFmlvMBEB5,321901998166146613,82,20200810,4,774996529071958074,<NA>,967.1,2021,3,618160385696126765,16,77368989542,1841,03676889,<NA>,1001,<NA>,O,nan,1.09
HKaHbeaERC2Kr8OU8or,3cHLQJksWdApiMduY9U,154827909333210100,59,20250920,4,nan,11,378.2,2021,3,121514423434125674,11,93094615466,1815,35389859,20241013,1301,<NA>,32811A,nan,2.28
miIpQoJvldLPKehn7Cm,U8aeg0MYkOeET1t7Mor,247150279471184518,15,20220304,3,772169721510351771,<NA>,116.5,2022,3,054302897167835545,5,87277297705,1314,85283336,<NA>,1401,<NA>,01921B,nan,3.49
ZLiV4yFa3KceGBAMUAo,1ssNZ7JyQKAhnQu5Hfv,461117108748456514,14,20230323,4,673298605576817617,11,967.1,2023,3,951760451164242064,5,42037599917,1425,23799374,<NA>,1600,<NA>,32820,nan,1.96
UCZOd9eGusPemUc3rsE,8s4my7ZwWLGEOY9IuS3,118781239137667790,14,20230323,4,nan,<NA>,120.5,2023,3,976403126674441989,5,54066560425,2110,13820728,<NA>,1600,<NA>,O,nan,1.86
PUaWEvBo6pzswmq0NGf,BYVltYQxYlQXRzxnOoO,054032952981110638,27,20200605,4,135247573131330249,<NA>,100.5,2022,3,038485454320492894,9,86229777425,245,41189368,20201215,1301,<NA>,O,nan,1.54
cFWfIA4TEgBbr2ZL3zN,IhxldO6DuNvzrjmeyEb,786212492535094517,15,20200810,3,nan,15,87.2,2019,3,931494605842248660,9,69410613021,1754,41857460,20220117,1600,<NA>,32820E,nan,2.83
v2BoIDKCFqKe7qb3HDp,8w5hRGXsvlIrTjcZXso,781972383229393616,14,20200908,4,nan,11,109.6,2020,3,252837225835230812,3,92944308973,1858,65550861,<NA>,1801,<NA>,01921,nan,1.8
1wHRCnAtoJXRbqDPwOJ,pXjrk8mfpQ3laYtC8dg,971196061957037236,0,20190305,4,088046580947326037,<NA>,112.6,2023,3,582638924047901064,9,46891051805,1100,78731156,<NA>,1600,<NA>,01920B,nan,2.66
kP1YYJacUiyvif77UxU,5XqQE738JVsISh6ASbP,142593288547249364,15,20240711,4,229603272004658062,5,948.9,2022,3,789907696713190135,14,62822997497,540,15357804,<NA>,1600,<NA>,01821A,nan,1.96
Cs42TUFUdkERJfcDL8O,WocF8p2olp0SHdL7f9e,139751286319688541,42,20210916,3,764198841271489626,10,833.1,2023,3,322713408731683155,5,21420779130,2306,87075859,<NA>,1600,<NA>,O,nan,2.08
HRuDtU8hKpP4udk35gh,jXdm4pZsVd0BdPqqYGx,721708261279651214,15,20201211,3,892721883734440634,<NA>,92.1,2021,3,442723962607576772,6,14451145825,138,48663312,<NA>,1600,<NA>,01921E,nan,3.37
6cgVvEntLssjnVttngi,o7mhvGaLeJhKE1ovWR0,840543121511215085,15,20190612,2,714279202782436976,2,959.4,2021,3,249392562546683442,2,84927218277,1122,40225735,<NA>,1301,<NA>,32881A,nan,1.46
WDMJHlw5Cjk1GYPyUAp,ncTTYa3twjdOjcb7eZ7,892663176651156710,14,20250327,3,nan,5,141.7,2022,3,028686592963992779,1,27046802057,616,71789156,20250516,1301,<NA>,01921B,nan,1.8
jr0jASQBQ2mXhpHCNep,etp6wvDTQt5FOeCFDw4,549773643455766177,14,20251029,3,nan,11,154.4,2022,3,821104777116953233,2,77999209383,1156,81230059,<NA>,2101,<NA>,01920E,nan,1.16
OkCuOYlxUQtxLvKQ4us,ky8nGPOS0qMOK7n7BTy,998509398915936323,14,20240524,4,nan,<NA>,220.2,2023,3,469266262017015820,14,75667835390,1107,50594151,<NA>,1801,<NA>,O,nan,3.29
zFkiquBeS5ZyM7jx0nJ,W5Ewt8fSufe1TsERt8U,278930715756003046,14,20201211,3,986050361062299866,<NA>,25.8,2023,3,895976344368063734,11,23765531028,2028,71204161,<NA>,1401,<NA>,01920A,nan,2.87
DlmFkNwhkLGXrhSivz5,eYU3uS1uadsEdc4S2Jz,304834199411659620,14,20251029,5,nan,<NA>,150.7,2020,3,175014915225949425,13,66383915225,2310,95785182,<NA>,1301,<NA>,01821,nan,1.89
mYP4HfPatFnsg0reeKM,51nIYmmAa7lpsKX9xeO,156360193599983023,15,20230413,5,374878884180959849,11,902.8,2023,3,535913264835813080,13,03527482782,1015,51552666,<NA>,1401,<NA>,01821,O,2.51
YlTs4cFTbR578HA2fJo,KOX5KXKB2A1vGBxh7lt,494325315783739316,15,20200122,3,528448516661269051,<NA>,913.3,2022,3,430476449971102408,2,93924862903,2122,32607291,<NA>,1801,<NA>,O,nan,1.68
s78CuVt4STTA2A9wuq0,KuMEhZF9VwZ3xIbGwXu,049162770291391231,50,20210126,4,972444455786521688,12,248.4,2022,3,286223103252977807,2,06392698962,1657,09416641,<NA>,1801,<NA>,32820B,nan,2.53
hCN6Ur5g1SE3qGzdNto,jwGHXldFNRivQdRhpuU,728198919273993680,14,20201229,2,085758546404826196,12,90.4,2022,3,021507030281047817,3,42535511337,514,70350509,20200715,1401,<NA>,01921B,nan,2.72
V6P1qGgeNnrseryJbze,PBWwL40PjVg7puVh59w,005617900872512864,14,20191027,4,639643396115925891,15,46.1,2023,3,328434186846900123,11,97457385856,406,37846627,<NA>,1301,<NA>,32820E,nan,3.18
jrj7X6NliuMfAQ99XiD,t4KIgOVO8Xw4dI6TBQb,839442446167572488,15,20190111,3,959254823645584854,<NA>,198.9,2019,3,553763089070939340,14,43955158767,1952,08438399,<NA>,1401,<NA>,32811E,nan,1.27
mgNq8UoFLCmD2Oce4sa,Xjpao4ZR8szpUZ70oAs,096847651303302486,14,20240417,4,615622649381046181,11,714.8,2022,3,947331346508365184,6,23227719002,117,36197125,<NA>,1401,<NA>,32881,nan,2.63
ZLiV4yFa3KceGBAMUAo,1ssNZ7JyQKAhnQu5Hfv,924249324155864380,50,20250520,4,874454030954904120,<NA>,238.5,2023,3,237267146221556993,11,68973401639,1058,23799374,20241217,1301,<NA>,01821E,nan,3.31
quDtXfQVuDCSAX166nf,alhTAXv39EOC3k8DqHi,719185036008953925,15,20250815,1,176338327626664078,5,385.7,2022,3,069919273581614027,5,83872118843,122,21502623,20211228,1801,<NA>,O,nan,1.89
n0sdIvmbG9Z0eU9Nmjt,anRfyaCex6njC3BnQAI,948823456060050623,14,20221008,4,nan,6,133.2,2022,3,638028198726080972,6,22718724600,406,91144568,<NA>,300,<NA>,32820B,nan,2.35
WDMJHlw5Cjk1GYPyUAp,ncTTYa3twjdOjcb7eZ7,002300041699837306,27,20210813,2,nan,<NA>,5289.3,2022,3,597867924959380414,5,27046802057,711,71789156,<NA>,1401,<NA>,32820A,nan,1.54
34p6qulsP0zV6Z6ll7L,mCGUmxCyhr2FGO1Vp48,373197559879985537,13,20220120,4,nan,17,201.2,2022,3,096183936641418532,11,63977225806,30,13920402,<NA>,1301,<NA>,01920B,02,2.57
nlsGe2ZlDQAR2HhBG7h,rzesrKaw6vxiPx9p4t7,722276587238284816,27,20251029,2,662022797815463637,11,184.1,2023,3,101334498809965163,17,14081939208,2359,75258496,<NA>,1301,<NA>,O,nan,2.03
wOhVtB6wBSt6R1JXlL5,XY73r3C3zkbKoWeKM4M,059526573363529354,14,20191118,3,486196309793709239,11,48.8,2023,3,882616086940953234,6,79234493294,644,35778667,<NA>,2101,<NA>,32811A,nan,1.23
qKMSHpNEREjE3hxMVWf,dFUUmOqujAYIWM27T94,489625338007382311,15,20210724,4,nan,6,867.1,2023,3,269490445413008069,3,19647834821,2150,38408997,<NA>,1317,<NA>,32881,nan,3.47
OeDflSvDJBu9qjgmshI,HD4YxAyO8CTL1uiOs72,509512463024471264,14,20251105,4,nan,<NA>,112.1,2021,3,152203325615457704,11,89576237286,2310,27441074,<NA>,1401,<NA>,O,nan,1.04
RpHm6mtdCuxd54BF9ZW,ZxOvMKLCjpfETEyJZMv,066185263475445432,41,20220112,4,449344087535848147,10,967.1,2019,3,800967875032522218,11,82007006212,1511,08343924,<NA>,1001,<NA>,01921A,nan,2.57
mgvUnh1FBR46Lh6bdbZ,BHg9lPkQfjE4yQfEsqW,349358803149099832,15,20200308,1,421979767115646585,<NA>,216.8,2022,3,376254541251532130,11,31086362371,2105,19470658,<NA>,1600,<NA>,O,nan,3.21
Lw6f0mbFscxCdgiK9pk,MFMSTK8qZdXfSfYz67x,474589433946274981,56,20201229,4,888844125059943259,11,833.1,2020,3,873110797452664344,2,16660253884,958,17296245,20200512,1301,<NA>,32881B,nan,2.56
ggtSz9WKPf7VyUhjfLi,Qa2Zi91Tpr7bGtMqYRL,342733183560969210,42,20190316,4,778311689552989958,3,105.0,2021,3,868554090342123269,11,45442668352,1414,73685108,<NA>,1801,<NA>,O,nan,1.27
7347lFkyPa6Dzk4QBIj,inoay7s8cbpP6TfnHvQ,317737686833733047,14,20220122,5,929535761432526422,15,630.3,2021,3,685432540561370183,1,11710402053,2359,12698216,<NA>,901,<NA>,01921B,nan,1.72
Bov59544ygvqQUPmpax,JHG5iuwNxWFVdwQSsQ8,118333869574297530,15,20231116,4,770929573074816516,<NA>,238.5,2022,3,738061457687219424,11,18818753289,705,75777467,<NA>,1801,<NA>,32820B,nan,1.58
SyxD9itGJc2LavoCUEt,AHAZ0fSGgCDExe4XyX9,351497765967854440,14,20210503,3,600500628424235959,4,68.3,2023,3,070941352377580854,2,05767207928,2040,07458822,<NA>,1801,<NA>,01921A,nan,2.84
tZBdAM6YN2gnkPs78za,LrKoem1NdnYoQxkZtOO,928536578574833888,15,20211226,3,088692798891404953,<NA>,77.5,2022,3,518872374305583076,16,36712041053,255,13713756,<NA>,1317,<NA>,32820A,nan,3.32
M7IFuVZHwbpywH7kNpm,ulptr57TSpZFTE6XHLa,539699999892554604,27,20191014,3,687475911682721517,<NA>,50.0,2022,3,585491635556054602,11,63591324181,11,24651139,20200222,1301,<NA>,32811E,O,1.1
etzIUvPYXlp0UvcCVGp,w4F7Vpb7TUKBMUQScuD,016104106249673014,30,20240213,4,nan,<NA>,221.2,2020,3,010822391139354068,11,40552731804,1058,97293897,<NA>,1600,<NA>,01920B,nan,2.67
13BI56bUP3GT9sHkFGw,x0Bs3IHFvzRO8mhdKHT,250224409546725834,15,20220707,2,291799053785323033,<NA>,160.0,2022,3,609856516717380581,14,62194682837,647,79321429,<NA>,1301,<NA>,32820B,nan,2.93
y9xGr3ujx4lRzheHOGh,1JE6LLlXk0Py59qJHGU,711412410881290049,27,20231128,4,666890297409251052,<NA>,59.1,2020,3,127068076325583102,7,82286604353,215,58271158,<NA>,1600,<NA>,32820A,nan,2.42
iJyfLJvHOMt1At89y9s,rk7YgGDSm0N7628kWla,158640787377390387,42,20220128,1,872134547737981912,<NA>,150.7,2022,3,698324279700743524,14,29214266398,1730,04120172,<NA>,1801,<NA>,O,nan,2.03
1b2RsGUz5CCrxVsMSiR,lBriZOBSsgoZyjGyP66,675407793997527375,14,20200818,4,nan,2,220.2,2021,3,624426413750740510,11,24104405564,1637,43792204,<NA>,1301,<NA>,01821,nan,3.01
oOJbKzWUjn1G3cBArdR,mc94VKCXgb8V79ERW4E,363047402013855118,97,20230511,5,352112278051445464,11,525.6,2023,3,582209827153181752,11,93311893865,35,18737793,<NA>,1301,<NA>,01821A,nan,1.11
jr0jASQBQ2mXhpHCNep,etp6wvDTQt5FOeCFDw4,374614087357663679,15,20240708,3,251551521071760089,5,103.3,2022,3,952015374729116143,9,06354130007,1722,81230059,<NA>,1801,<NA>,O,nan,2.06
kNhRH4zPG7jZsyoONHo,NIquOmoYmKhu68iexPO,862818365341342675,14,20230922,4,629032979931296675,17,35.1,2023,3,115079751815298152,3,74414005394,135,14722400,<NA>,9307,<NA>,01821A,nan,2.46
Kl89LAuO2WI4aMxvFk8,0bQH7fEdoxPr4PJthrv,120984800375391346,27,20200526,1,380646848718095085,12,174.1,2020,3,979681939829937405,5,90077660129,1308,86428556,<NA>,1600,<NA>,01921B,nan,2.42
8b21AUoez5uhs0UDxEY,oVdiMezFWvTufAq1t8m,979717752763760724,27,20200427,4,567154262193140457,5,301.8,2022,3,119837057755698736,14,26597105039,731,01389162,<NA>,1600,<NA>,01921B,nan,2.83
xZLOKFq4Af2IVGNVFpJ,Vbor60KjE1ZU9roiJbK,041151224917321327,97,20191204,4,040767371513260015,<NA>,116.9,2023,3,698322028525892033,2,51818792866,245,54042365,<NA>,2001,<NA>,O,nan,3.26
OBonJnJXuKH7kVu2H8o,60ULvhohORpxMhPe1IC,724436229469456904,14,20200711,3,nan,15,396.0,2022,3,770726837260386856,6,57732993110,1439,23155140,<NA>,1600,<NA>,01821B,nan,1.74
jtH1vc3yQivaAPC3uAJ,PAQ2z7jk4jtT0sKowZt,411389244693443144,15,20220422,2,429233265327156012,<NA>,241.1,2020,3,915216721244740058,15,32073307605,1256,29122619,<NA>,1401,<NA>,32881B,nan,1.65
qfA3keYnN8eGkXnenEf,Dp3xhslBoHBaKxjNxqs,621018073925747920,52,20240417,4,nan,6,98.4,2022,3,426648691570229804,5,53686578311,1242,57723491,<NA>,1801,<NA>,32881E,nan,3.16
SThGHXNw1sA96nmfHod,rH2LwBy7BF9tm2AbQ0E,684010878855954597,15,20201126,2,nan,<NA>,1442.4,2020,3,109216293696717958,11,49634123668,321,01314725,<NA>,1301,<NA>,O,nan,2.81
HfI40GimcDea06pdemJ,kZ3fuVHQmzISTclJ8BF,105567823945018797,42,20221206,4,nan,10,691.6,2019,3,392508985362491834,6,53551892813,2225,85623340,<NA>,1301,<NA>,01921B,nan,2.28
lzJYwb4lytolbMgnQKQ,8daya7si9D3242UZvXn,167462862545184701,27,20200711,4,nan,<NA>,673.0,2023,3,192568240950689437,5,68958115021,2211,23315960,20230121,1801,<NA>,01920B,nan,2.29
pKTwGCOqjEc0ZpxzvUc,mPxiwQgmrLQUyVN8hkC,861643369602377666,26,20240417,3,nan,16,44.5,2021,3,525089316583974164,14,35141321691,314,67913274,<NA>,1301,<NA>,01921B,nan,3.16
v2BoIDKCFqKe7qb3HDp,8w5hRGXsvlIrTjcZXso,802777055840170996,14,20221128,4,885592169604220764,<NA>,440.3,2020,3,153800354380741719,3,92944308973,1342,65550861,<NA>,1600,<NA>,01821,nan,1.21
LK4lSPhCwaRATYpNKNZ,kxTMxEv6Xcb5nLC9MPA,719769434182350259,42,20201029,2,nan,<NA>,900.2,2021,3,613116332114878004,6,72797424256,1011,88816997,<NA>,1401,<NA>,O,nan,2.97
9xMpzHC1ICBIVi7CITt,5mSdIiYCjSBu01cplBB,580436380875284218,14,20190618,4,nan,17,44.9,2023,3,370529687286028943,11,75543188223,912,09643191,<NA>,1600,<NA>,O,O,3.28
14gpZpepkkBjfOjgLhE,iXtRoAlvy8hZ4OZImty,802603479269050452,15,20191226,1,265268347948268809,12,75.4,2019,3,549328866312971300,2,50335540763,1245,63424497,<NA>,1301,<NA>,32811E,nan,2.96
LSBFWRgWeyTMFkHcg1O,hAqAEFGWbfTnU4fTtpf,331295367393576745,14,20230106,3,007167747157978722,5,98.2,2021,3,772808835941420565,5,73471800201,18,88508383,<NA>,1301,<NA>,32881,nan,3.21
ZB2Sz5zMBlKyJwPmblR,yOlQQJXp31b7SZ2pXsL,885736164293856447,14,20201119,3,nan,<NA>,740.4,2023,3,774463106825743615,6,03244272773,4,97807631,<NA>,1301,<NA>,01921A,nan,1.95
3lqFotsIcS9AvJwgWLM,QDzcti6zsNZA5KKlGYn,588101643756733800,42,20241116,4,384122124625842081,<NA>,86.2,2022,3,636679895483356466,15,63297283685,903,26950475,<NA>,1401,<NA>,O,nan,2.78
BlPcibROWC1HNOpMNfA,N2Zu6Mad4XfMua4obLl,978187691477788132,54,20220707,5,nan,9,341.4,2022,3,539866505575522573,17,19231783294,312,93344772,20200111,1801,<NA>,O,nan,1.57
SCMeCrqAnMHVmVIQfsQ,8UlkQzG8SHcpm05NDH1,704452714004476677,15,20250119,4,nan,<NA>,133.8,2022,3,040172172100863766,11,74664774459,1221,23786110,20240729,1600,<NA>,32811B,06,1.21
cFWfIA4TEgBbr2ZL3zN,IhxldO6DuNvzrjmeyEb,947244096158163654,14,20221108,5,nan,12,216.8,2019,3,389093465036109667,5,24488154761,2001,41857460,20200707,1801,<NA>,32811,nan,2.86
HBXMeriAp3TSgScIM3k,OAffNcjPdUovjhoT2oX,705155066880949538,42,20210303,4,833293780051546384,<NA>,322.0,2023,3,373146838335438915,5,93603273680,1328,89574809,20230519,1600,<NA>,O,nan,1.99
9YIKhSrFuRpbQcOJrBj,rlIlwcfLsGbd1pBC7lm,186214599633906445,15,20240111,4,075279497706924634,2,691.6,2023,3,029586928763265704,3,51439226308,1742,46798489,<NA>,701,<NA>,O,nan,1.02
kpKYwtQOC1x6U9Siio4,IQYzAuqWe2ep6NmO3Xf,864671343502901148,89,20190807,3,nan,5,144.6,2021,3,447327828930916447,8,52468321810,1417,88734727,20190207,1600,<NA>,32820,nan,3.38
cNTq3msQww0jGfmgGNO,bqTVRqBfiT4ZL50w6Na,578346223828456657,42,20190729,4,037239627501613166,9,174.1,2021,3,309515724779776929,15,54040137187,102,64764530,<NA>,1401,<NA>,01921A,nan,3.18
Y0ngm5HiJJF2thy1YPM,nCBSTlEKz9aFKNN4gHn,579192230048325310,15,20220919,4,428395509909883468,5,127.8,2020,3,070999071936797551,7,18928372692,1243,24065771,<NA>,1301,<NA>,O,nan,1.88
9YZ4M2jGFB5HiceEl5S,tMriRQn32looAZRif32,067588015309166157,42,20240307,5,nan,5,819.7,2023,3,482956637225595917,12,38561074829,2343,96478120,<NA>,1301,<NA>,01921E,nan,2.05
QYA6n1HDSCD8TF10Bj5,uFjdXWQAQzYcPi91zh6,998914743465361155,42,20200122,2,nan,<NA>,228.2,2023,3,522819179316899857,2,19861659520,332,11282802,<NA>,1301,<NA>,O,nan,1.24
MLSbEnl1kUrZIWbjt0S,olkcxjTF27VMdU22ONA,217658673862339430,30,20250113,4,842951080311478820,<NA>,498.3,2023,3,883262314407755295,5,29645277696,1350,27181025,20200715,1401,<NA>,01921B,nan,1.91
LK4lSPhCwaRATYpNKNZ,kxTMxEv6Xcb5nLC9MPA,234982030629381212,14,20230615,4,nan,9,686.1,2021,3,592600291393299172,8,72797424256,1936,88816997,<NA>,1801,<NA>,32820A,nan,1.24
DVwsjAfhlUZrHoze4A4,S0RjZL0fHLaBPS4rUaz,766111987309531704,71,20200207,5,678522270880350564,8,226.8,2023,3,729855153580394634,6,09650574770,1301,45228716,<NA>,1801,<NA>,32811E,nan,2.79
8Jfmya5Araff6YFuk3h,yiJ593636HLuUlPhGYp,972845046541195703,27,20221206,3,nan,16,477.5,2021,3,685413372429928441,2,97042905495,1026,17164200,<NA>,1600,<NA>,32811E,nan,2.15
pKTwGCOqjEc0ZpxzvUc,mPxiwQgmrLQUyVN8hkC,532651003396454567,15,20210114,4,017150741369247440,14,40.1,2021,3,082811881540822583,9,68163152421,219,67913274,<NA>,1401,<NA>,O,nan,3.12
WEwEzCjQtI7t3ra6lDb,CZcWGEvAhIHfgHfHKte,761779282116231687,42,20210613,4,229675414870500141,11,510.5,2022,3,005264287771284861,12,31013230808,1941,68396912,<NA>,1401,<NA>,O,nan,3.14
ZSvhNHrXrOvyf1AWxEk,qRPClQ3BHnkjqu3qMTy,302967347438036367,14,20231017,3,nan,<NA>,27.8,2022,3,952884063017152819,10,98341144786,1245,84178143,<NA>,1401,<NA>,01920,nan,1.29
8tcEuYEsXz0dhHKyOjD,aOROBMjoDOug85GT8Rp,699655741975320981,14,20230610,4,nan,2,153.2,2023,3,728113647438234783,1,50070457518,2304,67436131,<NA>,1401,<NA>,32811,nan,2.72
Isd0dpV0ANBUSpEHKnk,hjewYHXPvGuPPxKgvdZ,027445661858447232,15,20190111,1,nan,2,32.7,2021,3,028662341432515370,2,73239973475,1650,54996536,<NA>,1801,<NA>,01921A,nan,2.97
hdjjDii3xFu1fREhtwL,mwniYZYBpVaGQyvnGTe,548530451510624787,14,20210218,4,021172864075466216,<NA>,102.2,2023,3,260024743044986938,2,93010128145,1932,26689648,20200722,1600,<NA>,01920B,nan,1.36
qKMSHpNEREjE3hxMVWf,dFUUmOqujAYIWM27T94,939948640173290991,14,20200329,5,nan,13,630.3,2023,3,958132090189132418,5,55345750004,1521,38408997,<NA>,1600,<NA>,32811,nan,3.49
RhWusS9Gh6O6MxlHOIz,XFVMIZcgDSFywxDLqUy,201788154607074978,21,20250113,3,nan,2,216.8,2022,3,941127963164954916,17,85543810164,2258,10456949,<NA>,1401,<NA>,01921,nan,2.38
J2HVw0gQCcoJ8QPVfQB,0cu83UuqWjrzmJA9oSH,864647900626128454,42,20190228,3,nan,11,44.9,2021,3,524215024124869318,8,09990526708,1301,52747693,<NA>,1401,<NA>,32811E,nan,2.12
